BOUT_ID,EVENT_ID,DATE,BOUT_ORDINAL,RED_FIGHTER_ODDS,BLUE_FIGHTER_ODDS,RED_WIN
3a8c0158d910546d,f5585e675af7afd4,2022-01-15,0,1.469937,2.743333,1.0
7c2a02b5ea169b54,f5585e675af7afd4,2022-01-15,1,1.261991,3.975,1.0
3738135e4c9d8273,f5585e675af7afd4,2022-01-15,2,2.02873,1.796695,1.0
f9a4e625dffc30d4,f5585e675af7afd4,2022-01-15,6,1.46268,2.793333,1.0
8d89f3b8798f444d,f5585e675af7afd4,2022-01-15,7,1.629805,2.316667,1.0
3bcbb0e039f4f5d8,f5585e675af7afd4,2022-01-15,8,1.733045,2.13,1.0
9dfcf675cf2c1575,f5585e675af7afd4,2022-01-15,9,2.885,1.433884,1.0
4047c2e259529179,335ad945324c3a2e,2022-01-22,1,2.308333,1.640711,0.0
80f65ee9b6f8d63b,335ad945324c3a2e,2022-01-22,7,2.53,1.542358,0.0
cddd3d4febe097f8,335ad945324c3a2e,2022-01-22,9,1.53303,2.568333,0.0
e786542667fdecf0,335ad945324c3a2e,2022-01-22,10,2.181667,1.693088,1.0
342779192b116314,883922e5cd6d8473,2022-02-05,1,2.176667,1.704901,0.0
673ed36fa5c12d5f,883922e5cd6d8473,2022-02-05,3,1.378781,3.123333,1.0
84ebbad426d25713,883922e5cd6d8473,2022-02-05,5,1.588101,2.418333,1.0
c816a969cb001168,883922e5cd6d8473,2022-02-05,6,1.575022,2.453333,0.0
208c5dc52ccfd47a,883922e5cd6d8473,2022-02-05,7,1.305403,3.538333,1.0
0730c4e6fb247fa1,883922e5cd6d8473,2022-02-05,9,3.986667,1.253993,0.0
6b4c2cc27855506a,883922e5cd6d8473,2022-02-05,10,1.376773,3.131667,1.0
ace166f26c2ac2e8,883922e5cd6d8473,2022-02-05,11,1.53892,2.55,0.0
4b67a1875390e7ad,883922e5cd6d8473,2022-02-05,12,2.956667,1.419232,0.0
6708f3a32861038a,cbb682f5fcc44bfc,2022-02-12,0,2.448333,1.576749,0.0
821bef3a3394dd96,cbb682f5fcc44bfc,2022-02-12,2,2.78,1.462588,1.0
19e742ccaa09cf08,cbb682f5fcc44bfc,2022-02-12,4,3.443333,1.323064,0.0
3bebd99d5f94bec7,cbb682f5fcc44bfc,2022-02-12,5,1.373529,3.15,1.0
a0ba726da4a50458,cbb682f5fcc44bfc,2022-02-12,6,1.223941,4.37,1.0
b1e048825b5bbe1c,cbb682f5fcc44bfc,2022-02-12,7,3.893333,1.257275,0.0
81c22cfa22002ea4,cbb682f5fcc44bfc,2022-02-12,8,1.668351,2.235,1.0
388adad23aaa9d39,cbb682f5fcc44bfc,2022-02-12,9,1.642392,2.31,1.0
238832b58a66ae07,cbb682f5fcc44bfc,2022-02-12,10,2.335,1.620402,0.0
18a1617ee7356352,cbb682f5fcc44bfc,2022-02-12,11,1.619292,2.343333,1.0
bb42336d6417914c,cbb682f5fcc44bfc,2022-02-12,12,1.549329,2.501667,0.0
ca8f73d038c4d6e7,cbb682f5fcc44bfc,2022-02-12,13,1.32846,3.435,1.0
33cc40fc1da409d3,77940e45bc86208e,2022-02-19,3,1.803403,2.033261,0.0
2d8db91f91f68069,77940e45bc86208e,2022-02-19,4,1.481951,2.725,1.0
e36a5d4d53b97d4e,77940e45bc86208e,2022-02-19,5,1.541596,2.531667,0.0
25da52bc590ef664,77940e45bc86208e,2022-02-19,6,2.596667,1.519918,0.0
04e2d50c24a88dbd,77940e45bc86208e,2022-02-19,7,1.633604,2.32,1.0
93026443e5140415,77940e45bc86208e,2022-02-19,9,1.362434,3.226667,1.0
99fd8396cbe1df03,77940e45bc86208e,2022-02-19,10,1.313291,3.525,1.0
f7865e5a6d009a87,77940e45bc86208e,2022-02-19,11,2.868333,1.443107,0.0
c5d5fcf290cc029e,f6a7b02c42e9fc5b,2022-02-26,1,1.243689,4.186667,1.0
901e62b7af57f559,f6a7b02c42e9fc5b,2022-02-26,2,3.43,1.323009,0.0
cb1f27818d46af0e,f6a7b02c42e9fc5b,2022-02-26,3,1.914818,1.890468,1.0
61a20ff34b6948ba,f6a7b02c42e9fc5b,2022-02-26,5,2.771667,1.467174,0.0
8515f07911765f89,f6a7b02c42e9fc5b,2022-02-26,7,1.336798,3.386667,1.0
c4eb14c3de579842,f6a7b02c42e9fc5b,2022-02-26,8,1.576909,2.466667,0.0
01468f766dd7385c,f6a7b02c42e9fc5b,2022-02-26,9,1.633995,2.316667,0.0
2f4d42e0b9696f71,f6a7b02c42e9fc5b,2022-02-26,10,1.11409,6.721667,1.0
d5323490163dde0e,75e0d3cc2262b732,2022-03-05,0,1.479943,2.706667,1.0
36d9337a27b71ba9,75e0d3cc2262b732,2022-03-05,1,1.680289,2.215,0.0
c420c376cc1d149c,75e0d3cc2262b732,2022-03-05,2,2.896667,1.434158,1.0
59d44b6888885500,75e0d3cc2262b732,2022-03-05,3,7.566667,1.095271,0.0
c6fc43c351b08bda,75e0d3cc2262b732,2022-03-05,4,2.478333,1.563124,1.0
ee278a5a25744cac,75e0d3cc2262b732,2022-03-05,5,2.085397,1.758858,1.0
9321b3c90ea5ca6c,75e0d3cc2262b732,2022-03-05,6,1.329638,3.393333,1.0
fce6ab43b7d09aa4,75e0d3cc2262b732,2022-03-05,7,1.622206,2.346667,1.0
cda06ff86cfe4f5f,75e0d3cc2262b732,2022-03-05,8,1.560409,2.485,1.0
43b43c5d439b2f98,75e0d3cc2262b732,2022-03-05,9,1.207796,4.578333,1.0
abd45edc07a8d9e3,75e0d3cc2262b732,2022-03-05,10,2.45,1.569238,0.0
838bb84a5a976a9c,75e0d3cc2262b732,2022-03-05,11,1.531965,2.561667,1.0
d03d0abf331df751,75e0d3cc2262b732,2022-03-05,12,1.310437,3.538333,1.0
b400c29fbeee0206,1f9344211ca7fd60,2022-03-12,1,1.608631,2.39,0.0
9cb78122a23e6a7d,1f9344211ca7fd60,2022-03-12,2,1.706112,2.17,0.0
b55de7d791b9f62d,1f9344211ca7fd60,2022-03-12,3,3.816667,1.2763,0.0
5cad3ab6553e9ec9,1f9344211ca7fd60,2022-03-12,4,1.788154,2.051878,1.0
26fbee4ed13ff35d,1f9344211ca7fd60,2022-03-12,6,1.978175,1.836748,1.0
226884e46a10865d,1f9344211ca7fd60,2022-03-12,8,1.440297,2.871667,1.0
463fac0e48505b62,1f9344211ca7fd60,2022-03-12,9,1.633739,2.328333,1.0
23eec2d9cb2d78cd,1f9344211ca7fd60,2022-03-12,10,2.29,1.646264,1.0
70b8d357e89383bd,1f9344211ca7fd60,2022-03-12,11,1.351711,3.308333,1.0
9b46a662b8fa1d8d,1f9344211ca7fd60,2022-03-12,12,3.37,1.338359,0.0
8aa16cc1ba99aac1,1f9344211ca7fd60,2022-03-12,13,6.176667,1.130731,0.0
5e378c52f26935d6,1d00756835ca67c9,2022-03-19,1,1.292181,3.665,0.0
53d0df57a917c6a0,1d00756835ca67c9,2022-03-19,2,1.756424,2.086812,1.0
766b4f5e77ab0860,1d00756835ca67c9,2022-03-19,3,1.455921,2.791667,0.0
ae989e21c3839b49,1d00756835ca67c9,2022-03-19,4,3.82,1.277724,0.0
6e705b2365bc03fa,1d00756835ca67c9,2022-03-19,5,1.365569,3.206667,0.0
a200b5dcbdd2506e,1d00756835ca67c9,2022-03-19,6,5.475,1.15505,0.0
5a878a6bebc973d7,1d00756835ca67c9,2022-03-19,7,1.687028,2.205,1.0
bcd1e1d71a172d53,1d00756835ca67c9,2022-03-19,8,1.160902,5.385,1.0
001441f70c293931,1d00756835ca67c9,2022-03-19,9,1.148323,5.511667,1.0
ce3d94186567a684,1d00756835ca67c9,2022-03-19,10,1.882021,1.926789,1.0
06641a8c62e45661,1d00756835ca67c9,2022-03-19,11,2.165,1.70834,0.0
97e522591ac7eb29,1fac46d466abd5b8,2022-03-26,0,2.201667,1.693895,1.0
82b2b97b85c7225c,1fac46d466abd5b8,2022-03-26,1,2.026581,1.800647,1.0
3ecccdab76baa59c,1fac46d466abd5b8,2022-03-26,2,4.63,1.207324,0.0
d0b7a79d3e7f3362,1fac46d466abd5b8,2022-03-26,4,2.158333,1.719175,1.0
bb31c77bddd1317e,1fac46d466abd5b8,2022-03-26,5,2.971667,1.408164,1.0
f6afaf2a39fa441c,1fac46d466abd5b8,2022-03-26,6,2.2,1.689872,1.0
3f92025b29e06bfd,1fac46d466abd5b8,2022-03-26,7,1.377769,3.135,1.0
410e65e4d1782bfc,1fac46d466abd5b8,2022-03-26,8,1.23914,4.195,0.0
f3c37e23ca30c87d,1fac46d466abd5b8,2022-03-26,9,1.914427,1.8916,0.0
1b650c76387c0f4b,1fac46d466abd5b8,2022-03-26,10,3.243333,1.361218,0.0
c4e866d9dd606faa,1fac46d466abd5b8,2022-03-26,11,1.174441,5.165,1.0
278b965694e563b2,3a97fda0de6f1fa4,2022-04-09,2,2.161667,1.718427,1.0
88c6e7f71b79fd65,3a97fda0de6f1fa4,2022-04-09,4,2.381667,1.605766,0.0
313b85fe82b2ba80,3a97fda0de6f1fa4,2022-04-09,6,1.242451,4.17,1.0
15311d4b33d93004,3a97fda0de6f1fa4,2022-04-09,7,1.844199,1.969449,0.0
d8945e21a63e2451,3a97fda0de6f1fa4,2022-04-09,8,1.810642,2.016364,1.0
394b0347b0438622,3a97fda0de6f1fa4,2022-04-09,9,4.998333,1.178827,0.0
9a8964b148cb5923,3a97fda0de6f1fa4,2022-04-09,10,4.391667,1.220058,1.0
dc0ab34f1952cb48,3a97fda0de6f1fa4,2022-04-09,11,1.147478,5.638333,1.0
fb7ebdda8658fa05,8753e125f4499816,2022-04-16,0,1.5709,2.468333,1.0
0daf776bd222daad,8753e125f4499816,2022-04-16,1,1.433678,2.883333,0.0
0987b3f785e26d1c,8753e125f4499816,2022-04-16,4,2.235,1.683472,1.0
74c58b9d638c5eaa,8753e125f4499816,2022-04-16,5,1.155091,5.42,1.0
c20e6697335c3b3d,8753e125f4499816,2022-04-16,6,4.615,1.204821,0.0
b09f8cd4cbd7ba56,8753e125f4499816,2022-04-16,7,1.573622,2.453333,1.0
4f6e7159e77d4215,8753e125f4499816,2022-04-16,9,1.156564,5.428333,1.0
2e94ee4b9f5fddea,8753e125f4499816,2022-04-16,10,1.185505,4.858333,1.0
7c5fc3fc7be4a997,8753e125f4499816,2022-04-16,11,1.553832,2.498333,0.0
6d4b6224f26572f9,8753e125f4499816,2022-04-16,13,1.548921,2.518333,0.0
6a4ba72b084193b5,236a37d96d476164,2022-04-23,1,1.800367,2.009524,0.0
926977ec3ed0ebe1,236a37d96d476164,2022-04-23,3,1.430626,2.893333,1.0
e8c57c6259193466,236a37d96d476164,2022-04-23,4,1.150399,5.541667,1.0
9b8a82276f06829f,236a37d96d476164,2022-04-23,5,1.955932,1.853293,0.0
992e84bf59837e21,236a37d96d476164,2022-04-23,6,2.691667,1.49272,0.0
173d576e6247a88a,236a37d96d476164,2022-04-23,7,1.954346,1.846362,0.0
a45d4327bc82bc28,236a37d96d476164,2022-04-23,8,1.530955,2.546667,1.0
6017351e164dbca3,236a37d96d476164,2022-04-23,9,1.940319,1.869298,0.0
3a3ac7b3987f6799,236a37d96d476164,2022-04-23,10,3.098333,1.386928,0.0
80cf37627a129145,6bf5a7d3e081ade2,2022-04-30,0,1.491238,2.67,0.0
9217ecc287ac482d,6bf5a7d3e081ade2,2022-04-30,1,1.468381,2.763333,1.0
7e4b7a70838e5ba4,6bf5a7d3e081ade2,2022-04-30,3,1.751939,2.08,0.0
d2484d74f819d813,6bf5a7d3e081ade2,2022-04-30,4,1.039627,12.578333,1.0
6b956992204ec040,6bf5a7d3e081ade2,2022-04-30,5,1.472806,2.755,1.0
760e3f292b834637,6bf5a7d3e081ade2,2022-04-30,6,1.540363,2.528333,1.0
7c8701bb78cb4de8,6bf5a7d3e081ade2,2022-04-30,7,2.748333,1.47106,0.0
632c2d4ed12f2bdf,6bf5a7d3e081ade2,2022-04-30,8,1.381819,3.123333,0.0
eb277b5ea2a19124,6bf5a7d3e081ade2,2022-04-30,9,1.808121,2.014697,1.0
5ae5eb729c6bb169,6bf5a7d3e081ade2,2022-04-30,10,1.908214,1.900963,0.0
88455c967a7ef6fc,253d3f9e97ca149a,2022-05-07,1,2.548333,1.532774,0.0
60d9d50b763adc62,253d3f9e97ca149a,2022-05-07,3,1.828565,1.983176,1.0
ff6c8dab41efcc09,253d3f9e97ca149a,2022-05-07,5,1.662825,2.256667,1.0
80ac36a9dbc4b1a1,253d3f9e97ca149a,2022-05-07,6,1.390426,3.046667,1.0
fc4939b3c9071e66,253d3f9e97ca149a,2022-05-07,7,2.845,1.442973,1.0
6a902b97ac98c283,253d3f9e97ca149a,2022-05-07,8,2.00425,1.826546,1.0
8390441d93736719,253d3f9e97ca149a,2022-05-07,9,1.917359,1.887344,1.0
c020ccbd7cdefb6e,253d3f9e97ca149a,2022-05-07,10,3.098333,1.380849,0.0
a2ebb5f86eb64f22,253d3f9e97ca149a,2022-05-07,11,1.290721,3.668333,1.0
9d61012a6020516e,253d3f9e97ca149a,2022-05-07,12,1.4339,2.89,0.0
7d4e49d8a6678157,253d3f9e97ca149a,2022-05-07,13,1.692282,2.196667,1.0
afed0bac5ce5a2f3,60ba33c3f555a7a3,2022-05-14,0,1.251214,4.04,0.0
f549164690d723bb,60ba33c3f555a7a3,2022-05-14,2,1.469382,2.762,1.0
8a1aa64eb1f17913,60ba33c3f555a7a3,2022-05-14,3,1.627364,2.346667,1.0
7e047b195135ef06,60ba33c3f555a7a3,2022-05-14,4,2.048735,1.785449,1.0
fad150a0288efbd7,60ba33c3f555a7a3,2022-05-14,7,1.541709,2.538333,1.0
43543a2c1c7a7135,60ba33c3f555a7a3,2022-05-14,8,1.348688,3.281667,1.0
2fa88b72973478b6,60ba33c3f555a7a3,2022-05-14,9,2.97,1.405323,1.0
5c281439d20184f1,60ba33c3f555a7a3,2022-05-14,10,2.67,1.495536,1.0
bc7228d30ff5be46,a6c32678efd4f434,2022-05-21,0,1.727215,2.14,0.0
5136dc566f46daf6,a6c32678efd4f434,2022-05-21,1,2.5,1.560525,1.0
3542f9f30926f364,a6c32678efd4f434,2022-05-21,2,1.376175,3.138333,1.0
534c07488396e124,a6c32678efd4f434,2022-05-21,3,1.710877,2.145,0.0
1b4d0c9e3c59b33b,a6c32678efd4f434,2022-05-21,4,1.192734,4.846667,1.0
cbdfb3c648d7bada,a6c32678efd4f434,2022-05-21,5,1.500714,2.653333,1.0
4a789cdd5aaf4439,a6c32678efd4f434,2022-05-21,6,2.578333,1.524716,0.0
5eaff5c832430378,a6c32678efd4f434,2022-05-21,7,2.078333,1.762659,0.0
f682118709b4143e,a6c32678efd4f434,2022-05-21,8,1.319498,3.481667,1.0
5d4fb748ad246269,a6c32678efd4f434,2022-05-21,9,2.216667,1.689337,0.0
7a2c841693b54dd7,a6c32678efd4f434,2022-05-21,10,1.420647,2.936667,0.0
59b2bbb251968ca9,57591bbf1623574e,2022-06-04,0,1.21041,4.568333,1.0
7e20b0536fbbd560,57591bbf1623574e,2022-06-04,2,1.539826,2.533333,1.0
43d7d4b67be48553,57591bbf1623574e,2022-06-04,3,2.032063,1.793446,0.0
ed32da52aff68944,57591bbf1623574e,2022-06-04,4,2.413333,1.591406,0.0
e5e75d831670b401,57591bbf1623574e,2022-06-04,6,1.539309,2.546667,1.0
4f2501e804c84abe,57591bbf1623574e,2022-06-04,7,1.887525,1.915665,0.0
a679800d2e7c3be2,57591bbf1623574e,2022-06-04,9,1.459453,2.796667,1.0
aacb47949a572f25,57591bbf1623574e,2022-06-04,12,4.343333,1.226982,0.0
7a635063e5f1699b,57591bbf1623574e,2022-06-04,13,1.564619,2.476667,1.0
5f4a107d930e4852,3a24769a4855040a,2022-06-11,0,2.395,1.599507,0.0
f466cd99d02644e9,3a24769a4855040a,2022-06-11,1,1.850059,1.976923,0.0
029f5c36820fdc09,3a24769a4855040a,2022-06-11,2,1.808337,2.015859,1.0
50eed57ea1390e16,3a24769a4855040a,2022-06-11,3,1.339792,3.358333,1.0
c94b153951be7590,3a24769a4855040a,2022-06-11,5,1.441587,2.851667,0.0
f115a91066a77ee7,3a24769a4855040a,2022-06-11,6,1.536379,2.541667,1.0
d7a7ba46c4f075d7,3a24769a4855040a,2022-06-11,7,1.970787,1.84448,0.0
4305cb30533dac77,3a24769a4855040a,2022-06-11,8,1.584619,2.438333,1.0
049ad6d87b42eba8,3a24769a4855040a,2022-06-11,9,1.169417,5.163333,1.0
fd49f89b9d97566b,3a24769a4855040a,2022-06-11,10,2.841667,1.445702,0.0
e8a5e53ffd33c0f9,a0a680fe2f6cc8e6,2022-06-18,0,3.175,1.370732,1.0
897d9e21c59d0633,a0a680fe2f6cc8e6,2022-06-18,1,1.3737,3.146667,1.0
8b5c760f34daafe0,a0a680fe2f6cc8e6,2022-06-18,2,6.708333,1.114406,0.0
5b5d7f7ae712c6d8,a0a680fe2f6cc8e6,2022-06-18,3,3.19,1.366024,1.0
1378fc2be3819b2b,a0a680fe2f6cc8e6,2022-06-18,4,1.298909,3.6,1.0
9a92d376fba2379d,a0a680fe2f6cc8e6,2022-06-18,5,1.906158,1.901031,0.0
20cefe64f4b28be8,a0a680fe2f6cc8e6,2022-06-18,7,1.322147,3.451667,1.0
5095f6290670009d,a0a680fe2f6cc8e6,2022-06-18,8,2.321667,1.630688,0.0
4e6218b6b892b017,a0a680fe2f6cc8e6,2022-06-18,9,1.455385,2.801667,1.0
11e83902f5b8ff63,a0a680fe2f6cc8e6,2022-06-18,10,2.77,1.467403,1.0
1bc662949337a8c4,a0a680fe2f6cc8e6,2022-06-18,11,3.953333,1.262324,0.0
6e559181bfbc77e1,a0a680fe2f6cc8e6,2022-06-18,12,1.387612,3.061667,0.0
2c73bf152247f25a,eb42d4febfafefd1,2022-06-25,0,2.865,1.438067,1.0
24a9fc95a3112f51,eb42d4febfafefd1,2022-06-25,1,2.606667,1.518191,0.0
8cc43d79b61efc25,eb42d4febfafefd1,2022-06-25,2,1.89321,1.911168,0.0
a457331c27bce6d5,eb42d4febfafefd1,2022-06-25,3,2.361667,1.611952,0.0
21f79cd40513d075,eb42d4febfafefd1,2022-06-25,4,2.768333,1.466286,1.0
28be3fbe5c377380,eb42d4febfafefd1,2022-06-25,5,2.255,1.666814,1.0
3f38100fd8dae286,eb42d4febfafefd1,2022-06-25,6,1.849989,1.957136,1.0
28bd070f7ab0a0b9,eb42d4febfafefd1,2022-06-25,7,7.46,1.093553,0.0
029a12d36a4687e1,eb42d4febfafefd1,2022-06-25,8,1.401462,3.016667,1.0
c57c8e22a3e8dde2,eb42d4febfafefd1,2022-06-25,9,1.767277,2.074097,1.0
3c98739eb42f96bf,eb42d4febfafefd1,2022-06-25,10,4.64,1.206275,0.0
1f5f59924b59408b,eb42d4febfafefd1,2022-06-25,11,1.382769,3.115,0.0
0e2c7ec02a095813,4a9e305633f3ef47,2022-07-02,0,1.645548,2.29,0.0
1c85003f6ec59c9d,4a9e305633f3ef47,2022-07-02,1,3.628333,1.299877,0.0
99ac96bb67e5c5e4,4a9e305633f3ef47,2022-07-02,2,3.73,1.285492,0.0
57775c8af89007c7,4a9e305633f3ef47,2022-07-02,3,2.488333,1.558308,0.0
4d8d1701c43c5fea,4a9e305633f3ef47,2022-07-02,4,1.499365,2.658333,1.0
459bc7c0b47719c3,4a9e305633f3ef47,2022-07-02,5,1.530555,2.571667,1.0
98411542ca0e847d,4a9e305633f3ef47,2022-07-02,6,2.318333,1.635076,0.0
39dccca8e8083072,4a9e305633f3ef47,2022-07-02,7,3.533333,1.31124,
12a33d16e1d4e2d9,4a9e305633f3ef47,2022-07-02,8,1.983506,1.833604,0.0
0308bcdd00cc72e2,4a9e305633f3ef47,2022-07-02,9,1.804444,2.02116,0.0
4047e98132306cd5,4a9e305633f3ef47,2022-07-02,10,1.529412,2.565,1.0
a7eaf7b101166d3e,4a9e305633f3ef47,2022-07-02,11,1.169535,5.143333,1.0
fb3f5a65da9f2ac7,31da66df48c0c1a0,2022-07-09,0,1.82639,1.985939,0.0
478bc7d1288e043e,31da66df48c0c1a0,2022-07-09,1,1.601049,2.398333,1.0
81cbb709dedc914d,31da66df48c0c1a0,2022-07-09,3,1.563874,2.465,1.0
04e1ff7aeda2a018,31da66df48c0c1a0,2022-07-09,4,2.353333,1.618208,1.0
a103b30f6898de7e,31da66df48c0c1a0,2022-07-09,5,2.928333,1.422391,0.0
c58b3223b5caa18a,31da66df48c0c1a0,2022-07-09,6,2.88,1.432467,1.0
cd63b4144a45b611,31da66df48c0c1a0,2022-07-09,7,1.438092,2.871667,0.0
bba6cc8760da34ab,31da66df48c0c1a0,2022-07-09,8,4.576667,1.209951,0.0
6c60e58f8e9e7a4c,31da66df48c0c1a0,2022-07-09,9,1.391023,3.076667,1.0
be69cbf1f1671c8e,31da66df48c0c1a0,2022-07-09,10,2.743333,1.470884,0.0
9f3326195672c2b9,8fd76e1b49c00ae2,2022-07-16,1,2.14,1.72241,0.0
a5d2f0fed3ce2899,8fd76e1b49c00ae2,2022-07-16,2,2.135,1.728461,1.0
4dd2bcd2b025204e,8fd76e1b49c00ae2,2022-07-16,3,1.461484,2.756667,1.0
74b8a36293758342,8fd76e1b49c00ae2,2022-07-16,4,2.466667,1.565253,1.0
ebefe958473b3843,8fd76e1b49c00ae2,2022-07-16,5,1.391198,3.061667,1.0
4965d8eab468b839,8fd76e1b49c00ae2,2022-07-16,6,2.726667,1.47112,1.0
d439374c1fc95581,8fd76e1b49c00ae2,2022-07-16,7,1.546162,2.52,1.0
8e4024cb49c963f2,8fd76e1b49c00ae2,2022-07-16,8,3.228333,1.359578,1.0
dd456668731bd52a,8fd76e1b49c00ae2,2022-07-16,9,2.308333,1.634634,1.0
e57bfadb506e4f51,8fd76e1b49c00ae2,2022-07-16,10,3.598333,1.296324,0.0
7503d5c892f238fb,8fd76e1b49c00ae2,2022-07-16,11,1.512806,2.598333,0.0
1c84dafe38694c05,319c15b8aac5bfde,2022-07-23,0,2.708333,1.476697,0.0
e600b78e5a652dc0,319c15b8aac5bfde,2022-07-23,1,1.874217,1.935005,0.0
a1029686c3f1bead,319c15b8aac5bfde,2022-07-23,2,1.352571,3.246667,1.0
3d35f25d9792a69a,319c15b8aac5bfde,2022-07-23,4,2.256667,1.662697,0.0
f6fd50bf69bb59e6,319c15b8aac5bfde,2022-07-23,5,1.156068,5.353333,1.0
dd6dbe644f599795,319c15b8aac5bfde,2022-07-23,6,1.227014,4.276667,1.0
b0d06858fb725654,319c15b8aac5bfde,2022-07-23,7,1.207939,4.508333,0.0
47b1cd4e3e2595f8,319c15b8aac5bfde,2022-07-23,8,2.231667,1.678408,0.0
a57969d4ba7d4a79,319c15b8aac5bfde,2022-07-23,9,1.175683,5.001667,1.0
1ff520024da5b3b2,319c15b8aac5bfde,2022-07-23,10,1.49739,2.648333,1.0
8e02bdaac8ed50e5,319c15b8aac5bfde,2022-07-23,11,1.328154,3.37,1.0
925a36a4af600291,319c15b8aac5bfde,2022-07-23,12,1.889977,1.911681,1.0
d0fb381cacbb0446,319c15b8aac5bfde,2022-07-23,13,2.3,1.638742,1.0
66f7bb31d24b3b36,b0a6124751a56bc4,2022-07-30,0,1.468861,2.748333,1.0
0366e183296fea07,b0a6124751a56bc4,2022-07-30,2,1.77914,2.047063,1.0
189b9af881b96de6,b0a6124751a56bc4,2022-07-30,4,1.491928,2.67,1.0
81a18de517a3336a,b0a6124751a56bc4,2022-07-30,6,1.606968,2.376667,1.0
579b5770129b328a,b0a6124751a56bc4,2022-07-30,7,2.553333,1.532952,1.0
058c2724dec1add1,b0a6124751a56bc4,2022-07-30,8,1.156186,5.34,1.0
96b62bd56b252bab,b0a6124751a56bc4,2022-07-30,9,1.497846,2.651667,1.0
52f87252af59e23b,b0a6124751a56bc4,2022-07-30,10,2.291667,1.648563,0.0
5a1ce88ec1f75160,b0a6124751a56bc4,2022-07-30,11,1.473459,2.706667,1.0
72c3e5eacde4f0e5,b0a6124751a56bc4,2022-07-30,12,3.115,1.379201,0.0
a274ed04c36d40d4,8f6a18831a120817,2022-08-06,0,2.03373,1.792573,1.0
b5274277ef6707c9,8f6a18831a120817,2022-08-06,1,1.51121,2.618333,1.0
4adef20ce69217be,8f6a18831a120817,2022-08-06,2,1.314058,3.49,1.0
eda397c27787afa4,8f6a18831a120817,2022-08-06,3,5.645,1.145565,0.0
b530bb13aac1e48b,8f6a18831a120817,2022-08-06,4,1.09579,7.4,1.0
044d210d7b1eb519,8f6a18831a120817,2022-08-06,5,3.518333,1.30978,0.0
a6b328733d610e2b,8f6a18831a120817,2022-08-06,8,1.484003,2.69,0.0
a8bc6e005077bb0b,8f6a18831a120817,2022-08-06,9,3.643333,1.292304,0.0
0823f97be9c3a62e,a23e63184c65f5b8,2022-08-13,2,1.231429,4.203333,0.0
f858f91453555291,a23e63184c65f5b8,2022-08-13,3,1.261278,3.868333,1.0
8986373b4a6e90b6,a23e63184c65f5b8,2022-08-13,4,1.53759,2.531667,0.0
5f31f3e32669f5b9,a23e63184c65f5b8,2022-08-13,6,3.761667,1.276528,1.0
38b6ef176439c39b,a23e63184c65f5b8,2022-08-13,7,1.321003,3.458333,0.0
abd50fad1e7b030b,a23e63184c65f5b8,2022-08-13,8,2.711667,1.47277,1.0
d19e010f071a4b45,a23e63184c65f5b8,2022-08-13,9,2.266667,1.658314,0.0
efd7efba85092c6f,a23e63184c65f5b8,2022-08-13,11,3.731667,1.281183,1.0
11cc331fa40ede63,a23e63184c65f5b8,2022-08-13,12,1.463118,2.75,1.0
06d6cde7479711ee,4f853e98886283cf,2022-08-20,0,2.375,1.606548,0.0
d497d74a0df9e35e,4f853e98886283cf,2022-08-20,1,1.750682,2.098333,1.0
6b9f82291930bfec,4f853e98886283cf,2022-08-20,2,1.191213,4.793333,1.0
4dac5258f22be059,4f853e98886283cf,2022-08-20,3,1.600733,2.388333,0.0
2ac9b3ccb43422d8,4f853e98886283cf,2022-08-20,4,1.272041,3.81,
0cf7a4593fd44e59,4f853e98886283cf,2022-08-20,5,3.161667,1.372455,0.0
e0b98f3cf4a7cc3b,4f853e98886283cf,2022-08-20,6,3.621667,1.297096,1.0
5abcf9f282983acc,4f853e98886283cf,2022-08-20,7,1.12807,6.126667,1.0
2cd9e3796be57a79,4f853e98886283cf,2022-08-20,8,2.243333,1.673057,0.0
2ac3ce1f62b3c4b9,4f853e98886283cf,2022-08-20,9,2.255,1.665302,0.0
2de6652160cc7b9f,4f853e98886283cf,2022-08-20,10,1.275609,3.773333,1.0
f70c817388602681,4f853e98886283cf,2022-08-20,11,1.264941,3.903333,0.0
7bced112f3229b1b,00a905a4a4a2b071,2022-09-03,4,3.096667,1.385611,0.0
acc9a109b00a99e1,00a905a4a4a2b071,2022-09-03,6,1.672029,2.24,0.0
1a191251620a84ca,00a905a4a4a2b071,2022-09-03,8,1.95057,1.856603,0.0
20f316f96c9e4458,00a905a4a4a2b071,2022-09-03,9,1.398169,3.018333,1.0
b8ca1acdf3dc2f58,00a905a4a4a2b071,2022-09-03,10,1.467323,2.735,1.0
810c9da07970c4a6,00a905a4a4a2b071,2022-09-03,11,1.186526,4.855,1.0
86d57e8ef2191316,93bf96be327fcd98,2022-09-10,0,1.83042,1.979843,0.0
6010f681e54ba2cd,93bf96be327fcd98,2022-09-10,2,2.45,1.571001,0.0
bf334cb4e63f3430,93bf96be327fcd98,2022-09-10,4,1.196058,4.68,0.0
77acb96700e89c92,93bf96be327fcd98,2022-09-10,5,2.062063,1.778462,1.0
0e6d624086f7952e,93bf96be327fcd98,2022-09-10,7,1.457185,2.785,0.0
d869eaea38426f06,93bf96be327fcd98,2022-09-10,8,2.59,1.522228,1.0
989b8d362742f40b,93bf96be327fcd98,2022-09-10,9,1.549267,2.51,1.0
d3e23d7d207d3ccf,93bf96be327fcd98,2022-09-10,10,2.451667,1.575265,0.0
0111e6a64b5184c6,93bf96be327fcd98,2022-09-10,11,1.159342,5.355,1.0
7e8fd03e070d0c25,93bf96be327fcd98,2022-09-10,12,2.198333,1.692608,1.0
8a044e5400b4318f,8d477c3fbe001f9d,2022-09-17,0,1.675094,2.233333,1.0
be73f75b52b06f14,8d477c3fbe001f9d,2022-09-17,1,2.356,1.603612,0.0
d9f5d05b07bae09e,8d477c3fbe001f9d,2022-09-17,2,2.235,1.671458,0.0
46b9acec12a35d37,8d477c3fbe001f9d,2022-09-17,5,1.467654,2.733333,1.0
f521ecde1e96a1bd,8d477c3fbe001f9d,2022-09-17,6,2.658333,1.499279,1.0
ce5ebaf8caf8c4a7,8d477c3fbe001f9d,2022-09-17,7,1.459443,2.761667,1.0
3cbd3565dd631cc4,8d477c3fbe001f9d,2022-09-17,8,1.564736,2.468333,0.0
adb78db5ba8ccc0f,8d477c3fbe001f9d,2022-09-17,10,1.733973,2.121667,1.0
bd06f1c2d7e6c4a0,8d477c3fbe001f9d,2022-09-17,11,1.769136,2.073333,0.0
df370b97ea49e6b4,8d477c3fbe001f9d,2022-09-17,12,1.485898,2.705,1.0
6c79db79da9ae874,4f670b7972fa0a2e,2022-10-01,0,3.36,1.328052,1.0
8c9ff13791378784,4f670b7972fa0a2e,2022-10-01,2,1.849177,1.962958,0.0
ecc56a86a1eead9d,4f670b7972fa0a2e,2022-10-01,3,1.755377,2.093333,1.0
de93fda66d203c26,4f670b7972fa0a2e,2022-10-01,4,1.494907,2.656667,1.0
63f6af6d5f7b82ad,4f670b7972fa0a2e,2022-10-01,5,1.515297,2.603333,0.0
330506571d2778b1,4f670b7972fa0a2e,2022-10-01,6,1.527172,2.565,1.0
a73e33dfce8fcfd8,4f670b7972fa0a2e,2022-10-01,8,1.384974,3.106667,1.0
7d0d2cecab358ba1,4f670b7972fa0a2e,2022-10-01,9,1.280603,3.735,1.0
d33814971932422a,4f670b7972fa0a2e,2022-10-01,10,1.360735,3.201667,0.0
84b04e8d6b251c54,49c29e57d4e2be6f,2022-10-15,0,5.916667,1.136644,0.0
fac560495e61d34c,49c29e57d4e2be6f,2022-10-15,1,1.351699,3.23,1.0
60bd4d2878c85f70,49c29e57d4e2be6f,2022-10-15,2,1.571579,2.456667,1.0
860050f211b44d10,49c29e57d4e2be6f,2022-10-15,4,1.719103,2.146667,0.0
8252a314c778b8e6,49c29e57d4e2be6f,2022-10-15,5,1.65727,2.266667,1.0
59695aae245cca73,49c29e57d4e2be6f,2022-10-15,6,2.628333,1.499414,0.0
96d4fe315722d1c1,49c29e57d4e2be6f,2022-10-15,7,4.316667,1.225928,1.0
759c55755d70f7ba,49c29e57d4e2be6f,2022-10-15,8,2.816667,1.445321,0.0
1af23e7aa71a1d17,49c29e57d4e2be6f,2022-10-15,9,2.832,1.444227,0.0
904cf687d22bb486,49c29e57d4e2be6f,2022-10-15,10,1.434147,2.855,1.0
4011cdf1f182804c,885e7f70dcac0007,2022-10-22,0,1.243323,4.101667,1.0
1e8c33b1917fe1b7,885e7f70dcac0007,2022-10-22,1,1.073112,8.635,1.0
1b204fc28bb023e6,885e7f70dcac0007,2022-10-22,2,1.470463,2.723333,1.0
cea6760d7bfbe19b,885e7f70dcac0007,2022-10-22,3,1.682802,2.228333,1.0
f4d8266a42a41dff,885e7f70dcac0007,2022-10-22,4,2.588333,1.518493,0.0
2d36e2c10ee349fe,885e7f70dcac0007,2022-10-22,5,2.843333,1.437744,0.0
d325a1483d78ae75,885e7f70dcac0007,2022-10-22,6,2.193333,1.694965,1.0
25f3e4fa781c1c8a,885e7f70dcac0007,2022-10-22,7,2.878333,1.427833,0.0
69f39e5d959311b1,885e7f70dcac0007,2022-10-22,8,3.011667,1.397174,1.0
5c3c4bcc6c746ca0,885e7f70dcac0007,2022-10-22,9,1.351734,3.243333,0.0
1f0d4572e0facbea,885e7f70dcac0007,2022-10-22,10,1.585133,2.415,1.0
523815acf1bb2420,885e7f70dcac0007,2022-10-22,11,2.615,1.507817,0.0
86dff1593d8b9a1f,be5aab761c40ef35,2022-10-29,2,1.30083,3.543333,0.0
d6d141afdd31c3f1,be5aab761c40ef35,2022-10-29,3,2.766667,1.454371,0.0
5dcba156bd13e0c3,be5aab761c40ef35,2022-10-29,4,3.038333,1.394328,0.0
f32d918ee06cb83b,be5aab761c40ef35,2022-10-29,5,1.552362,2.513333,0.0
98b7dd0ddc52cffb,be5aab761c40ef35,2022-10-29,6,1.541533,2.53,0.0
6a7db3750822d7be,be5aab761c40ef35,2022-10-29,7,1.616992,2.351667,0.0
bf59d9f8bd9536f3,be5aab761c40ef35,2022-10-29,9,2.54,1.53936,0.0
a554a72bb0377213,be5aab761c40ef35,2022-10-29,10,2.036087,1.79354,0.0
cfca30d3ef3c86b9,756f45905fb20cb5,2022-11-05,1,3.228333,1.354539,0.0
31cb98ce37fd87dd,756f45905fb20cb5,2022-11-05,2,3.158333,1.365884,0.0
5475f5b6bad40989,756f45905fb20cb5,2022-11-05,3,1.694821,2.195,1.0
2ab395e21080b10a,756f45905fb20cb5,2022-11-05,4,1.238198,4.135,1.0
71afa8354da2491e,756f45905fb20cb5,2022-11-05,5,1.111956,6.886667,1.0
1535fb6549fa8bab,756f45905fb20cb5,2022-11-05,6,1.458196,2.761667,1.0
3adecfc4727a8d73,756f45905fb20cb5,2022-11-05,7,1.397834,3.02,1.0
2664805fde34fb1b,756f45905fb20cb5,2022-11-05,8,3.95,1.255102,0.0
b279559f15ecf29b,756f45905fb20cb5,2022-11-05,9,1.884628,1.921707,1.0
abfc03893551ae73,756f45905fb20cb5,2022-11-05,10,1.401152,3.015,0.0
db026ff6eee4d174,b3b6e80b7d5f8f0d,2022-11-12,0,1.747655,2.103333,1.0
bee95769a221af9a,b3b6e80b7d5f8f0d,2022-11-12,1,2.671667,1.485292,0.0
7f93b2f38497caec,b3b6e80b7d5f8f0d,2022-11-12,2,2.518333,1.5452,1.0
ff2e4b411f695017,b3b6e80b7d5f8f0d,2022-11-12,3,1.919202,1.885981,1.0
40707ddc9fdea500,b3b6e80b7d5f8f0d,2022-11-12,4,2.406667,1.592306,1.0
65ce9335b93d9c57,b3b6e80b7d5f8f0d,2022-11-12,5,1.534196,2.531667,1.0
93da91272d4a7ce3,b3b6e80b7d5f8f0d,2022-11-12,6,1.25449,3.953333,1.0
6f22afbc5f8e0bd3,b3b6e80b7d5f8f0d,2022-11-12,7,1.446294,2.818333,0.0
1f922cfe6178e830,b3b6e80b7d5f8f0d,2022-11-12,8,2.063333,1.776709,0.0
77c78d0a71b10692,b3b6e80b7d5f8f0d,2022-11-12,9,1.634412,2.31,1.0
09afa6ce4747a1a2,b3b6e80b7d5f8f0d,2022-11-12,10,3.073333,1.388198,0.0
4bf3010fdeea9d93,b3b6e80b7d5f8f0d,2022-11-12,11,1.476024,2.695,1.0
85b5d59f8eea976a,b3b6e80b7d5f8f0d,2022-11-12,12,3.961667,1.255032,0.0
04f32bb0c0d3a8cc,b3b6e80b7d5f8f0d,2022-11-12,13,1.428709,2.88,0.0
a3696c847ef6c7f9,012fc7cd0779c09a,2022-11-19,1,1.562,2.47,1.0
bd064deb3494b41a,012fc7cd0779c09a,2022-11-19,2,1.862779,1.948103,1.0
0f2983fe7753403f,012fc7cd0779c09a,2022-11-19,3,1.504332,2.618333,1.0
594435375d641f63,012fc7cd0779c09a,2022-11-19,4,2.468333,1.562651,0.0
144443d4dbf43990,012fc7cd0779c09a,2022-11-19,5,2.393333,1.597067,1.0
b4cfb34e8224fd77,012fc7cd0779c09a,2022-11-19,6,1.561868,2.47,1.0
d0c01840c72429c6,012fc7cd0779c09a,2022-11-19,7,1.13721,5.878333,1.0
c317f85a8266313e,012fc7cd0779c09a,2022-11-19,8,1.918928,1.885643,0.0
110f539523a4b571,012fc7cd0779c09a,2022-11-19,9,2.915,1.422309,0.0
c33257dd0605c7de,012fc7cd0779c09a,2022-11-19,10,1.53632,2.545,1.0
2cec230248d7eb97,b23388ff8ac6637b,2022-12-03,0,1.282029,3.705,1.0
30abc50a2e71c576,b23388ff8ac6637b,2022-12-03,2,1.43811,2.855,1.0
be977e524ef56aa4,b23388ff8ac6637b,2022-12-03,3,4.865,1.185079,0.0
92c1d9a6d313cb0c,b23388ff8ac6637b,2022-12-03,4,3.878333,1.263302,1.0
7bd6969c4ed979f9,b23388ff8ac6637b,2022-12-03,5,2.725,1.471189,1.0
0c9faf26efe2cdcc,b23388ff8ac6637b,2022-12-03,6,2.123333,1.730758,1.0
7fbf09533c59e43f,b23388ff8ac6637b,2022-12-03,7,1.879592,1.928935,0.0
ca0f0a35a1fcb453,b23388ff8ac6637b,2022-12-03,8,2.911667,1.417095,1.0
a71764d5da04e3bc,b23388ff8ac6637b,2022-12-03,9,1.445343,2.836667,0.0
972e17c1b98fca06,b23388ff8ac6637b,2022-12-03,10,2.598333,1.514467,0.0
5a8f7afc5ea69537,b23388ff8ac6637b,2022-12-03,11,1.237514,4.131667,1.0
f17813d03fcd8e7a,b23388ff8ac6637b,2022-12-03,12,4.491667,1.210358,0.0
a419e6df765aa755,b23388ff8ac6637b,2022-12-03,13,2.608333,1.512573,1.0
a1a5d06b0e7ada62,f65a0eb902f9476b,2022-12-10,2,1.583969,2.431667,1.0
a346180c8b109469,f65a0eb902f9476b,2022-12-10,3,2.44,1.576613,1.0
4e9d76ed54f1f352,f65a0eb902f9476b,2022-12-10,4,1.3025,3.56,1.0
1779cc4ae925df01,f65a0eb902f9476b,2022-12-10,5,1.561749,2.476667,1.0
4a17876e99f6baf3,f65a0eb902f9476b,2022-12-10,7,2.361667,1.615289,0.0
ecab8b8b36727b8d,f65a0eb902f9476b,2022-12-10,8,2.658333,1.498168,0.0
11f65de5348e4bc4,f65a0eb902f9476b,2022-12-10,9,1.627189,2.325,1.0
144cd3f62591a5fb,f65a0eb902f9476b,2022-12-10,10,1.388296,3.083333,1.0
3c3a9c1ec0604fc2,f65a0eb902f9476b,2022-12-10,11,3.715,1.28014,
ccb7e2851319345d,56ec58954158966a,2022-12-17,0,1.30094,3.531667,1.0
f87a7812733f7e8f,56ec58954158966a,2022-12-17,1,2.818333,1.449118,0.0
8f00da6ea8186ce2,56ec58954158966a,2022-12-17,2,2.331667,1.626387,0.0
efc64d8aae5628c9,56ec58954158966a,2022-12-17,3,1.639221,2.301667,1.0
ed6203e849a2bf28,56ec58954158966a,2022-12-17,4,1.896643,1.907548,1.0
5f4e944ff1bdcd9c,56ec58954158966a,2022-12-17,5,1.314873,3.461667,0.0
c960184a583f1861,56ec58954158966a,2022-12-17,6,1.522603,2.565,0.0
e0444752d18fda7f,56ec58954158966a,2022-12-17,7,3.048333,1.393809,0.0
c335f44e4f3515ea,56ec58954158966a,2022-12-17,8,1.587637,2.416667,1.0
9c1a2ac64c98d2f6,56ec58954158966a,2022-12-17,9,2.435,1.578223,1.0
ce7744d45a698aa6,56ec58954158966a,2022-12-17,11,1.490893,2.651667,1.0
4ea48bf2407b405d,56ec58954158966a,2022-12-17,12,1.856107,1.951057,1.0
b6723b9c6ff4d594,2e2cdb6e9eb84bb9,2023-01-14,0,1.271387,3.788333,1.0
c9144a294c73b06f,2e2cdb6e9eb84bb9,2023-01-14,2,1.280354,3.718333,1.0
a4c7d59d340794c0,2e2cdb6e9eb84bb9,2023-01-14,6,1.105043,7.018333,1.0
622cc4ef46913020,2e2cdb6e9eb84bb9,2023-01-14,7,1.688891,2.216667,0.0
d4420be78065de03,2e2cdb6e9eb84bb9,2023-01-14,8,1.687081,2.206667,0.0
c88a7dbe7717d2da,2e2cdb6e9eb84bb9,2023-01-14,9,1.738246,2.12,1.0
868c83e734dbbceb,2e2cdb6e9eb84bb9,2023-01-14,10,2.143333,1.721158,1.0
fcf385ae75191b57,5717efc6f271cd52,2023-01-21,1,1.178855,4.993333,1.0
f09c3d8a26806761,5717efc6f271cd52,2023-01-21,2,1.772104,2.068333,0.0
fffdc57255274be1,5717efc6f271cd52,2023-01-21,5,7.8,1.086495,0.0
a3ef3d05ddd80a94,5717efc6f271cd52,2023-01-21,9,2.713333,1.475039,0.0
2d1ac675e6c1e6ea,5717efc6f271cd52,2023-01-21,10,2.515,1.545057,0.0
0221982930283140,5717efc6f271cd52,2023-01-21,11,5.146667,1.174604,0.0
1c51f405e5c46572,5717efc6f271cd52,2023-01-21,12,1.177646,5.055,1.0
0462bcc27498f7c4,5717efc6f271cd52,2023-01-21,13,2.148333,1.723118,0.0
dde7d29cc443e263,5717efc6f271cd52,2023-01-21,14,2.188333,1.703831,0.0
983fab4080743ed0,d26394fc0e8e880a,2023-02-04,1,1.480289,2.725,1.0
01e8868086004dd8,d26394fc0e8e880a,2023-02-04,7,1.516129,2.6,
8741e6a3a5a22a7f,d26394fc0e8e880a,2023-02-04,8,1.650689,2.278333,1.0
7a1abc0230af730c,d26394fc0e8e880a,2023-02-04,9,1.371033,3.14,0.0
caeeb398f73d213a,d26394fc0e8e880a,2023-02-04,10,3.178333,1.366829,0.0
51a12878b151d67b,01dd4cdc2446f665,2023-02-11,2,1.288893,3.665,1.0
8b7bc2af1e15b668,01dd4cdc2446f665,2023-02-11,6,1.921064,1.890274,1.0
ca2672e68fedf4b7,01dd4cdc2446f665,2023-02-11,7,1.447376,2.833333,0.0
ec03739c836fadc8,01dd4cdc2446f665,2023-02-11,8,1.586124,2.423333,
da22d5a717ae9e35,01dd4cdc2446f665,2023-02-11,9,1.820747,2.000642,1.0
4f672dd40867d8c6,01dd4cdc2446f665,2023-02-11,10,1.300794,3.571667,1.0
2208b9f471a201d9,01dd4cdc2446f665,2023-02-11,11,1.538988,2.55,1.0
256894b49303537b,01dd4cdc2446f665,2023-02-11,12,1.273363,3.798333,1.0
3d46d635f9ae5e68,f21a3d68fb9df387,2023-02-18,2,2.761667,1.46041,0.0
c3a4187fc821bfff,f21a3d68fb9df387,2023-02-18,4,4.76,1.192125,0.0
682ff095649c9a5c,f21a3d68fb9df387,2023-02-18,6,2.793333,1.456934,0.0
dc6f69f923744948,f21a3d68fb9df387,2023-02-18,7,1.731417,2.131667,0.0
3f837b469ba33c7c,f21a3d68fb9df387,2023-02-18,9,3.246667,1.357693,0.0
dcc3da324eb5f26c,f21a3d68fb9df387,2023-02-18,10,1.860479,1.960309,0.0
63670e1b8f164d4a,806975e1b4f47b27,2023-02-25,2,2.425,1.588219,1.0
00a94d5fc7ce55cf,806975e1b4f47b27,2023-02-25,6,1.450898,2.793333,1.0
5737084215c45792,806975e1b4f47b27,2023-02-25,7,1.123561,6.363333,1.0
d6357dab7ccdf2db,806975e1b4f47b27,2023-02-25,8,1.922374,1.890397,1.0
2ba11e0bf32829d6,806975e1b4f47b27,2023-02-25,9,1.432597,2.903333,0.0
c3b9b97467f828d1,1ccff7f0cfdf85eb,2023-03-04,2,3.601667,1.29836,0.0
0eb16f1307f66a11,1ccff7f0cfdf85eb,2023-03-04,3,3.211667,1.365646,0.0
ed9f8f702585ed44,1ccff7f0cfdf85eb,2023-03-04,4,1.12293,6.365,1.0
c29e2c49e1e417c8,1ccff7f0cfdf85eb,2023-03-04,5,2.356667,1.620661,0.0
009feda296ae589c,1ccff7f0cfdf85eb,2023-03-04,6,1.917589,1.893763,0.0
c2fc4c1e0c769655,1ccff7f0cfdf85eb,2023-03-04,7,2.786667,1.455827,0.0
ec490d4224d3bc78,1ccff7f0cfdf85eb,2023-03-04,8,1.54642,2.548333,1.0
d6d034e98ce85246,1ccff7f0cfdf85eb,2023-03-04,10,1.506006,2.655,1.0
22fc6b3f4e48cfa3,1ccff7f0cfdf85eb,2023-03-04,11,4.791667,1.194007,0.0
a69afe4a88c0ca12,1ccff7f0cfdf85eb,2023-03-04,12,1.113378,6.911667,0.0
636fd144716a3084,1ccff7f0cfdf85eb,2023-03-04,13,1.586324,2.468333,1.0
ccb5e29cd0347110,35080a7f406f9ab3,2023-03-11,0,1.317967,3.451667,1.0
c3af2b6ab1262fef,35080a7f406f9ab3,2023-03-11,1,2.461667,1.571825,0.0
8e5ce3308c0e2046,35080a7f406f9ab3,2023-03-11,2,4.191667,1.236907,1.0
c4e4954beb59eca6,35080a7f406f9ab3,2023-03-11,3,1.685767,2.218333,1.0
804c350ce714770f,35080a7f406f9ab3,2023-03-11,5,2.16,1.716945,0.0
2c58a97f2fe6c985,35080a7f406f9ab3,2023-03-11,8,1.093955,7.795,1.0
b9539d5e379b3edc,35080a7f406f9ab3,2023-03-11,9,1.415747,2.966667,0.0
d6945828f5fa7492,35080a7f406f9ab3,2023-03-11,10,1.605435,2.385,1.0
3b561a154aa2bbb2,35080a7f406f9ab3,2023-03-11,11,2.276667,1.646233,1.0
0ccd2593c88209e4,35080a7f406f9ab3,2023-03-11,12,1.392551,3.065,0.0
53d6d5ad08ac0694,e4bb7e483c4ad318,2023-03-18,0,1.239151,4.158333,0.0
938c2c71b84e56ff,e4bb7e483c4ad318,2023-03-18,1,2.698333,1.481216,
8a3e7085e8e5a6e9,e4bb7e483c4ad318,2023-03-18,2,1.56716,2.485,1.0
6068385c48de6801,e4bb7e483c4ad318,2023-03-18,3,1.213922,4.463333,1.0
13f5be7a2ea5577e,e4bb7e483c4ad318,2023-03-18,9,1.182877,4.92,1.0
5e9c027fb24efc2b,e4bb7e483c4ad318,2023-03-18,10,1.387334,3.07,1.0
dd9cbf6d6284de26,e4bb7e483c4ad318,2023-03-18,11,2.525,1.542742,1.0
019b4d006800504b,e4bb7e483c4ad318,2023-03-18,12,1.254262,3.928333,1.0
90a83875e1d11238,e4bb7e483c4ad318,2023-03-18,13,3.068333,1.389555,1.0
c483ac06b1e33c3b,e4bb7e483c4ad318,2023-03-18,14,3.166667,1.370931,1.0
16bd47ba50891833,aec273fcb765330d,2023-03-25,1,1.410671,2.978333,1.0
07e39fd5f4f23270,aec273fcb765330d,2023-03-25,2,1.970173,1.84847,1.0
b9e037a45f8850fb,aec273fcb765330d,2023-03-25,3,1.667812,2.253333,0.0
c6cc6ae23cbf8a27,aec273fcb765330d,2023-03-25,4,3.228333,1.337439,1.0
2f382615155e32b9,aec273fcb765330d,2023-03-25,5,1.644798,2.31,0.0
9433730f95d52fc8,aec273fcb765330d,2023-03-25,6,3.235,1.370662,0.0
bce8ece2ff26b4d4,aec273fcb765330d,2023-03-25,7,1.47113,2.743333,1.0
1c2d0db1c9eed052,aec273fcb765330d,2023-03-25,8,1.405616,2.991667,1.0
33fa6793a7f984ac,aec273fcb765330d,2023-03-25,9,2.315,1.645069,0.0
0810cdbeb9dd4d02,3dc3022232b79c7a,2023-04-08,1,1.573997,2.461667,0.0
d7022b6058dbb26b,3dc3022232b79c7a,2023-04-08,2,1.234209,4.141667,1.0
780147f2ed2637d1,3dc3022232b79c7a,2023-04-08,3,3.05,1.38796,0.0
28e3d939eb043664,3dc3022232b79c7a,2023-04-08,4,2.63,1.505577,0.0
95349402616097cd,3dc3022232b79c7a,2023-04-08,5,2.24,1.666153,0.0
bbc76ff9e1b1b142,3dc3022232b79c7a,2023-04-08,6,2.085,1.757404,0.0
2cb34fc074f7a9ae,3dc3022232b79c7a,2023-04-08,7,1.382803,3.105,0.0
3165b03ddc6d3b6e,3dc3022232b79c7a,2023-04-08,8,1.392115,3.045,1.0
678d27af287476f8,3dc3022232b79c7a,2023-04-08,9,2.573333,1.526279,1.0
71ea7d7985dad804,3dc3022232b79c7a,2023-04-08,10,1.231351,4.266667,1.0
fe143cb868adfded,3dc3022232b79c7a,2023-04-08,11,2.2,1.696796,0.0
8b2b2562884821a7,15b1b21cd743d652,2023-04-15,0,2.156667,1.713551,1.0
cef255a992ba7af3,15b1b21cd743d652,2023-04-15,3,2.081667,1.760977,0.0
68c1b833ed8849a3,15b1b21cd743d652,2023-04-15,4,1.77494,2.05373,1.0
50e675146cda6e7c,15b1b21cd743d652,2023-04-15,5,1.471705,2.688,1.0
bbde45b2c766bb67,15b1b21cd743d652,2023-04-15,6,2.638333,1.502353,1.0
b01e6e97d66681c5,15b1b21cd743d652,2023-04-15,7,1.471821,2.716667,1.0
bdbddbc00d07dc4b,15b1b21cd743d652,2023-04-15,8,3.318333,1.343509,0.0
d856812dc733690a,15b1b21cd743d652,2023-04-15,9,2.763333,1.459986,1.0
995e79b951da945b,15b1b21cd743d652,2023-04-15,10,2.03873,1.791862,0.0
792f139c2b9fd294,15b1b21cd743d652,2023-04-15,11,1.654388,2.275,0.0
83c81018bb3aeebf,15b1b21cd743d652,2023-04-15,12,2.453333,1.573803,1.0
6049301b4deea035,15b1b21cd743d652,2023-04-15,13,1.59221,2.423333,1.0
277233ca9ea25674,6fb1ba67bef41b37,2023-04-22,0,2.23,1.670683,1.0
a941c4e25ddddfff,6fb1ba67bef41b37,2023-04-22,1,1.489149,2.68,0.0
01aa5949ac6851f3,6fb1ba67bef41b37,2023-04-22,3,1.921088,1.876999,0.0
034cbbec91f67852,6fb1ba67bef41b37,2023-04-22,4,5.396667,1.15898,0.0
16628e25a043043a,6fb1ba67bef41b37,2023-04-22,5,1.607429,2.365,0.0
06d9fb9c995f1e4f,6fb1ba67bef41b37,2023-04-22,6,2.03246,1.794811,1.0
20c0f50c11509301,6fb1ba67bef41b37,2023-04-22,7,1.256257,3.905,1.0
640d52630f4f8a61,6fb1ba67bef41b37,2023-04-22,8,1.367888,3.173333,
d00d5ef4ae0ac01b,6fb1ba67bef41b37,2023-04-22,9,1.590221,2.41,0.0
856468ba24a37fcc,6fb1ba67bef41b37,2023-04-22,10,2.09,1.762493,1.0
ca63933f8c898fa2,51b1e2fd9872005b,2023-04-29,3,2.151667,1.716623,1.0
5d11b618f24082dd,51b1e2fd9872005b,2023-04-29,4,1.756943,2.083479,1.0
8dbfbd8f8bd0f00b,51b1e2fd9872005b,2023-04-29,6,1.556646,2.485,1.0
37ae5c09d6f03f33,51b1e2fd9872005b,2023-04-29,8,1.42288,2.906667,1.0
ecec1b0dd64ca2ae,51b1e2fd9872005b,2023-04-29,9,1.269066,3.828333,1.0
2b1ac5d8f98639bf,51b1e2fd9872005b,2023-04-29,10,2.138333,1.728584,1.0
93fb6c7e590487f9,3c6976f8182d9527,2023-05-06,0,2.305,1.636197,0.0
5f44d6d9e6bbecff,3c6976f8182d9527,2023-05-06,3,1.903128,1.901363,0.0
c3ca708aaf4262a7,3c6976f8182d9527,2023-05-06,5,1.552057,2.513333,1.0
3f8b4aeb3baf4724,3c6976f8182d9527,2023-05-06,6,1.465774,2.736667,0.0
0c6e3c1f03cd4061,3c6976f8182d9527,2023-05-06,7,2.423333,1.585237,0.0
11a5a852313d1f5b,3c6976f8182d9527,2023-05-06,9,1.5896,2.406667,0.0
ed707998b13d0101,3c6976f8182d9527,2023-05-06,10,2.28,1.652091,1.0
e3aad51099a23ba4,3c6976f8182d9527,2023-05-06,11,1.998327,1.817275,1.0
81fda78adcaedbc7,901cddcbfa079097,2023-05-13,1,2.098333,1.742306,1.0
6ca856d1950d8f7f,901cddcbfa079097,2023-05-13,2,1.405519,2.978333,0.0
14e689e60419d469,901cddcbfa079097,2023-05-13,3,1.641206,2.285,0.0
3387f430abb7e39f,901cddcbfa079097,2023-05-13,4,1.241122,4.063333,1.0
f2ced83baf0457fc,901cddcbfa079097,2023-05-13,5,2.806667,1.444007,1.0
838a022ca5d99cc1,901cddcbfa079097,2023-05-13,6,2.748333,1.459285,0.0
dae2484418631ff5,901cddcbfa079097,2023-05-13,7,1.223916,4.301667,1.0
b0f4c7788782e26e,901cddcbfa079097,2023-05-13,8,3.336667,1.334637,0.0
c501576b8ec35758,901cddcbfa079097,2023-05-13,9,1.993224,1.820119,0.0
755202fce24b8f83,901cddcbfa079097,2023-05-13,10,4.673333,1.200646,0.0
8502f245aabd64ac,6f812143641ceff8,2023-05-20,0,2.058333,1.775096,0.0
744cbe6e49d4f41c,6f812143641ceff8,2023-05-20,1,1.105619,6.996667,1.0
eca400aeeb2763d1,6f812143641ceff8,2023-05-20,2,2.046667,1.778877,1.0
fb70b62915fdcec6,6f812143641ceff8,2023-05-20,3,2.59,1.520145,0.0
7d583e4002622848,6f812143641ceff8,2023-05-20,4,1.921191,1.877276,0.0
33007109c9ca1ede,6f812143641ceff8,2023-05-20,5,1.748246,2.098333,1.0
49bd9a2f1fbebd1f,6f812143641ceff8,2023-05-20,6,2.371667,1.606259,0.0
12683e06369d1a83,6f812143641ceff8,2023-05-20,7,1.671825,2.225,1.0
73700c8c5107f719,6f812143641ceff8,2023-05-20,8,2.756667,1.454775,0.0
924f982f0d9d2142,6f812143641ceff8,2023-05-20,9,2.233333,1.667624,0.0
3638ee66c7d34fe0,6f812143641ceff8,2023-05-20,10,2.683333,1.481212,0.0
cb9654746447b934,6f812143641ceff8,2023-05-20,11,1.613619,2.363333,1.0
99808befeece3a8a,7abe471b61725980,2023-06-03,0,2.02873,1.795269,1.0
72bb7605e340a8fe,7abe471b61725980,2023-06-03,1,2.238333,1.669419,1.0
dfc62aa72446e4a8,7abe471b61725980,2023-06-03,2,1.726681,2.133333,1.0
5459c3bb88d031f9,7abe471b61725980,2023-06-03,5,2.165,1.707513,0.0
84f60cb00b8d4187,7abe471b61725980,2023-06-03,6,1.452497,2.788333,1.0
a122968e96068800,7abe471b61725980,2023-06-03,7,1.799026,2.024127,0.0
913d8a35095591d5,7abe471b61725980,2023-06-03,9,1.567457,2.465,1.0
7be3e513a31f6570,7abe471b61725980,2023-06-03,11,1.504714,2.64,1.0
d7ae0993c7a378ee,7abe471b61725980,2023-06-03,12,1.994145,1.821248,0.0
1676c64a94be0557,b6c6d1731ff00eeb,2023-06-10,0,1.709408,2.158333,1.0
7ee8b91d7f80f8a7,b6c6d1731ff00eeb,2023-06-10,2,3.15,1.366315,1.0
e24b65cd8721349a,b6c6d1731ff00eeb,2023-06-10,3,1.95535,1.851647,1.0
47a5d4bb68352055,b6c6d1731ff00eeb,2023-06-10,4,1.41377,2.948333,0.0
96eaf07b34538b8b,b6c6d1731ff00eeb,2023-06-10,5,1.55855,2.485,
5311298f79414125,b6c6d1731ff00eeb,2023-06-10,6,1.690242,2.198333,1.0
46c67efd68a0b15d,b6c6d1731ff00eeb,2023-06-10,7,1.365403,3.19,1.0
e9d5ffcacf7d8757,b6c6d1731ff00eeb,2023-06-10,8,1.461578,2.75,1.0
40e8bf8ce508c436,b6c6d1731ff00eeb,2023-06-10,9,2.295,1.648751,1.0
69bc7ca8ce831731,b6c6d1731ff00eeb,2023-06-10,10,1.315014,3.488333,1.0
8794031c523bf534,b9415726dc3ec526,2023-06-17,0,2.618333,1.504907,0.0
9a2d3ebab827d333,b9415726dc3ec526,2023-06-17,1,2.668333,1.489292,
9cfb84817a43b63c,b9415726dc3ec526,2023-06-17,2,1.403313,2.986667,1.0
8ea12c7360fa0f6b,b9415726dc3ec526,2023-06-17,3,2.175,1.682813,1.0
7ba54a10f28c9496,b9415726dc3ec526,2023-06-17,4,2.141667,1.719531,1.0
bc1be168c064f028,b9415726dc3ec526,2023-06-17,5,3.461667,1.315498,0.0
870672b1b443311e,b9415726dc3ec526,2023-06-17,6,2.476667,1.563854,1.0
98458778348ea5d7,b9415726dc3ec526,2023-06-17,7,1.510056,2.621667,1.0
76fd6919d828d5c2,b9415726dc3ec526,2023-06-17,8,1.556172,2.498333,1.0
5d9b84493f1ed114,b9415726dc3ec526,2023-06-17,9,2.373333,1.60725,1.0
6c2199524d762b11,b9415726dc3ec526,2023-06-17,10,1.08165,8.101667,1.0
175d9e1ac0725145,b9415726dc3ec526,2023-06-17,11,1.7748,2.065,0.0
7b909acede0a26eb,a780d16cf7eed44d,2023-06-24,0,1.677665,2.22,0.0
fcc1191761e365f9,a780d16cf7eed44d,2023-06-24,1,1.477738,2.691667,0.0
c22de92b9d9030dc,a780d16cf7eed44d,2023-06-24,4,1.812078,2.005245,1.0
8b296724a6844865,a780d16cf7eed44d,2023-06-24,5,1.817564,1.991364,1.0
42922bab8a3e1828,a780d16cf7eed44d,2023-06-24,6,1.397069,3.013333,1.0
ced01368259428f5,a780d16cf7eed44d,2023-06-24,7,1.564557,2.471667,1.0
9124740fe7816d70,a780d16cf7eed44d,2023-06-24,8,1.444669,2.815,1.0
582806c33ce6dcf6,a780d16cf7eed44d,2023-06-24,9,2.771667,1.456085,1.0
07cb64236ae7aaea,a780d16cf7eed44d,2023-06-24,11,1.517756,2.593333,0.0
c3ef3cb03edde8bb,a780d16cf7eed44d,2023-06-24,12,3.77,1.275293,0.0
bd2e14ee959f9b77,e9e1acc96536bb4f,2023-07-01,0,1.706042,2.168333,1.0
454265014520a3f8,e9e1acc96536bb4f,2023-07-01,2,1.161037,5.368333,0.0
fe370c518cf7873e,e9e1acc96536bb4f,2023-07-01,3,2.565,1.534916,0.0
962e74250884e4c1,e9e1acc96536bb4f,2023-07-01,5,2.705,1.477083,0.0
cd137988da724076,e9e1acc96536bb4f,2023-07-01,7,1.375291,3.135,0.0
ea29714dcfb07ce2,e9e1acc96536bb4f,2023-07-01,8,2.983333,1.404147,1.0
0548a24a9bf8d7a0,e9e1acc96536bb4f,2023-07-01,9,3.126667,1.378227,0.0
4dc5a41f357a7d85,e9e1acc96536bb4f,2023-07-01,10,1.792302,2.036667,0.0
f557405652165aa3,e9e1acc96536bb4f,2023-07-01,11,1.660158,2.26,1.0
5b71958ee063a6e8,6085ceb59087514b,2023-07-08,0,2.37,1.607873,0.0
420f7e6530dbc727,6085ceb59087514b,2023-07-08,1,2.228333,1.673666,0.0
69f67a4a690eb15d,6085ceb59087514b,2023-07-08,3,1.368919,3.148333,1.0
6ef12db5b099ec81,6085ceb59087514b,2023-07-08,4,1.658542,2.258333,0.0
ef270d8cf29d071b,6085ceb59087514b,2023-07-08,5,1.268599,3.821667,0.0
20d8f6b4b7c8bae7,6085ceb59087514b,2023-07-08,7,2.765,1.461959,1.0
b6ea8880cc7af439,6085ceb59087514b,2023-07-08,9,1.343753,3.295,0.0
4ec5d9bd1442e6c1,6085ceb59087514b,2023-07-08,10,1.291624,3.65,0.0
0f24f3bc1b39ea45,6085ceb59087514b,2023-07-08,11,1.482256,2.695,0.0
4b12a4b48755cd6b,6085ceb59087514b,2023-07-08,12,1.280224,3.765,1.0
cae7de0873e03947,c9885b1b7c7055a0,2023-07-15,0,3.015,1.373486,0.0
57785c9be5b4526d,c9885b1b7c7055a0,2023-07-15,1,1.453552,2.793333,1.0
3624f4ae9c1d703e,c9885b1b7c7055a0,2023-07-15,3,1.33003,3.378333,1.0
b4cc389bb4af3707,c9885b1b7c7055a0,2023-07-15,4,2.853333,1.435079,0.0
8362b372adb2f302,c9885b1b7c7055a0,2023-07-15,6,2.211667,1.682428,0.0
e4620f3fa451a3a4,c9885b1b7c7055a0,2023-07-15,7,1.651455,2.278333,1.0
81b7a6aa147bd912,c9885b1b7c7055a0,2023-07-15,8,1.66599,2.248333,1.0
6adfe44b110c1510,c9885b1b7c7055a0,2023-07-15,9,2.238333,1.676667,0.0
b52dccbe69864d2a,c9885b1b7c7055a0,2023-07-15,10,1.937765,1.8682,0.0
73370221b3fa3676,c9885b1b7c7055a0,2023-07-15,12,1.600016,2.393333,
a8a4c9f98ff73839,1174782eacde9b0c,2023-07-22,2,1.708966,2.168442,1.0
a0bc695b35f155f1,1174782eacde9b0c,2023-07-22,3,1.622837,2.334286,1.0
8b341eb556c97c23,1174782eacde9b0c,2023-07-22,4,1.288905,3.645714,1.0
319b96f615a0a154,1174782eacde9b0c,2023-07-22,6,2.66,1.498419,0.0
b4e2037f180c1e0e,1174782eacde9b0c,2023-07-22,8,2.161769,1.709376,0.0
3c4305abc2e302d0,1174782eacde9b0c,2023-07-22,9,1.682009,2.212857,1.0
c4caa8a4f32a0eed,1174782eacde9b0c,2023-07-22,10,2.395584,1.601605,0.0
8104fe27bdc46914,1174782eacde9b0c,2023-07-22,11,2.851429,1.437995,1.0
9541cf21e031354c,1174782eacde9b0c,2023-07-22,12,1.474736,2.725714,1.0
743a04674ab72ee0,1174782eacde9b0c,2023-07-22,13,1.44911,2.827143,0.0
90e46589a18064bc,1174782eacde9b0c,2023-07-22,14,1.200928,4.67,1.0
74fef059e229d217,ccd58ff71e260ed5,2023-07-29,0,1.357434,3.27,1.0
3de326b65aa6245d,ccd58ff71e260ed5,2023-07-29,1,1.492005,2.661429,0.0
5116f9398bfca446,ccd58ff71e260ed5,2023-07-29,3,1.418997,2.907143,1.0
e5ac7343b6d45188,ccd58ff71e260ed5,2023-07-29,4,1.564427,2.49,1.0
4327fe98e1b6f222,ccd58ff71e260ed5,2023-07-29,5,1.287139,3.707143,1.0
cbf1e76186a0c8b3,ccd58ff71e260ed5,2023-07-29,6,2.228571,1.676922,0.0
f1eca70738ca073e,ccd58ff71e260ed5,2023-07-29,7,3.745714,1.27987,0.0
eff6ec2b2f1fb27b,ccd58ff71e260ed5,2023-07-29,8,2.613197,1.513241,1.0
800a35b3a7e52308,ccd58ff71e260ed5,2023-07-29,9,1.932267,1.905711,0.0
c27e33ee8ef53866,ccd58ff71e260ed5,2023-07-29,10,1.669627,2.232857,0.0
38901948cff43ff9,6f81b6de2557739a,2023-08-05,2,2.728333,1.470993,1.0
1b0d5e65fdfc62cf,6f81b6de2557739a,2023-08-05,3,1.633558,2.34,1.0
bda7992779a005fa,6f81b6de2557739a,2023-08-05,4,1.866097,1.943999,0.0
e5cb9dfc1189d77d,6f81b6de2557739a,2023-08-05,5,1.482332,2.676667,1.0
531ce3d8011fa1f6,6f81b6de2557739a,2023-08-05,6,1.426785,2.895,0.0
2c0496a5f39ab8a4,6f81b6de2557739a,2023-08-05,7,1.748217,2.103333,1.0
79bfba62da6242a6,6f81b6de2557739a,2023-08-05,8,1.579054,2.435,1.0
2c54be25b09fce50,6f81b6de2557739a,2023-08-05,9,2.383333,1.601059,1.0
ec2358459ffbe7de,6f81b6de2557739a,2023-08-05,10,3.846667,1.264431,0.0
554163b1c8c05522,6f81b6de2557739a,2023-08-05,11,1.254983,3.986667,1.0
ca2aa660bea0cb60,d2fa318f34d0aadc,2023-08-12,2,1.398885,2.996667,1.0
d5929b7fbc801ce4,d2fa318f34d0aadc,2023-08-12,3,2.681667,1.483795,0.0
9576d9cba5cf5c4e,d2fa318f34d0aadc,2023-08-12,5,1.344939,3.321667,1.0
2c160a1d1fdbf0b0,d2fa318f34d0aadc,2023-08-12,6,3.625,1.299784,0.0
9a9479663bedf8b4,d2fa318f34d0aadc,2023-08-12,7,1.310949,3.516667,1.0
560a971c6ab8b854,d2fa318f34d0aadc,2023-08-12,8,2.171667,1.702499,1.0
c2f730cb33df5221,d2fa318f34d0aadc,2023-08-12,9,2.625,1.50449,0.0
c57a4810c932b296,d2fa318f34d0aadc,2023-08-12,10,1.573174,2.451667,1.0
1b1fd32485861655,d2fa318f34d0aadc,2023-08-12,11,3.348333,1.337787,1.0
e346f2b7af63e804,d2fa318f34d0aadc,2023-08-12,12,2.03,1.804949,1.0
f329bd89e375d6df,2719f300b0439039,2023-08-19,0,1.792593,2.038182,1.0
8c7b5b21b3532027,2719f300b0439039,2023-08-19,1,3.636667,1.301415,0.0
9f7c28381b6913c8,2719f300b0439039,2023-08-19,2,1.432117,2.851667,1.0
e9754f597ec50f6f,2719f300b0439039,2023-08-19,3,1.536589,2.543333,1.0
62d53ad8f8769666,2719f300b0439039,2023-08-19,4,2.391667,1.594149,1.0
f995ed679ef8bdf4,2719f300b0439039,2023-08-19,5,1.260715,3.928333,1.0
1a95cc401f68f4c8,2719f300b0439039,2023-08-19,6,2.891667,1.445808,0.0
621e6f0929a3dbfc,2719f300b0439039,2023-08-19,7,1.552161,2.498333,1.0
fd4d30036a3f3efb,2719f300b0439039,2023-08-19,8,2.683333,1.487749,0.0
78d2c01dc963f204,2719f300b0439039,2023-08-19,9,4.753333,1.194221,0.0
845e38dfbfea6e53,2719f300b0439039,2023-08-19,10,1.30404,3.556667,1.0
ee796ecb4ee8680b,2719f300b0439039,2023-08-19,11,1.381181,3.173333,0.0
b65b37c0e00074d9,89a407032911e27e,2023-08-26,0,1.685448,2.205,1.0
23865dfc8361ac62,89a407032911e27e,2023-08-26,1,4.88,1.181209,0.0
da6b863cf684e0ae,89a407032911e27e,2023-08-26,3,3.876667,1.260175,1.0
293c5f4c9aca5c54,89a407032911e27e,2023-08-26,4,2.061667,1.777543,0.0
48231fbd1af53674,89a407032911e27e,2023-08-26,5,2.328333,1.625211,0.0
bfc9989751bd0d04,89a407032911e27e,2023-08-26,6,1.46983,2.723333,1.0
f7bc845ce74f5fe7,89a407032911e27e,2023-08-26,7,1.660332,2.255,1.0
5531317352862978,89a407032911e27e,2023-08-26,8,1.580112,2.425,1.0
de89bea7b0dcd2d3,89a407032911e27e,2023-08-26,9,1.106808,7.053333,1.0
dd617f6ab4916ec4,89a407032911e27e,2023-08-26,10,1.399545,3.038333,1.0
c53b0f678fe2f16a,89a407032911e27e,2023-08-26,11,2.075,1.774767,1.0
96704d7ba3a452d9,89a407032911e27e,2023-08-26,12,1.140572,5.691667,1.0
ac73c6888ee9322c,ef61d9f5176b3200,2023-09-02,1,1.260244,3.898333,1.0
1be27d95bba03f17,ef61d9f5176b3200,2023-09-02,3,1.711156,2.173479,1.0
dfa8fd0b82b37fa1,ef61d9f5176b3200,2023-09-02,8,1.523548,2.596667,1.0
4eaf54ad3c82b6fa,ef61d9f5176b3200,2023-09-02,9,1.528728,2.57,1.0
ea006bae605e2a6b,ef61d9f5176b3200,2023-09-02,10,1.510339,2.65,1.0
5d481ff494bf40da,ece280745f8727b8,2023-09-09,1,1.982722,1.862433,0.0
0aae15358d8606b9,ece280745f8727b8,2023-09-09,4,1.341872,3.37,1.0
09a7f0979a58e6ea,ece280745f8727b8,2023-09-09,5,1.475141,2.721667,0.0
a3d75cc363a6544b,ece280745f8727b8,2023-09-09,6,1.306255,3.54,1.0
3e1c27f17433f9e4,ece280745f8727b8,2023-09-09,7,2.045794,1.802743,1.0
f9d2137f380e66bf,ece280745f8727b8,2023-09-09,8,1.520975,2.613333,1.0
e4ed294e16e16d81,ece280745f8727b8,2023-09-09,10,2.815,1.460834,0.0
7f16e7725245bb2d,ece280745f8727b8,2023-09-09,11,1.148479,5.596667,0.0
bcec26b425194e40,8fa2b06572365321,2023-09-16,2,1.8047,2.028876,1.0
5d3e046b6bcd49f5,8fa2b06572365321,2023-09-16,3,1.445983,2.795,
7a0813ec0fadc84e,8fa2b06572365321,2023-09-16,4,1.305059,3.503333,1.0
79f03eca3fe5cdb3,8fa2b06572365321,2023-09-16,5,1.252913,3.926667,1.0
a5d76e93a5052e3f,8fa2b06572365321,2023-09-16,6,1.38247,3.09,0.0
2e1435c160bfe8b2,8fa2b06572365321,2023-09-16,7,1.333984,3.37,1.0
c0ca4c201d086ea8,8fa2b06572365321,2023-09-16,8,1.128567,6.243333,1.0
697efaf0d162e877,8fa2b06572365321,2023-09-16,9,1.902244,1.91992,0.0
b395c89e19a3fec4,8fa2b06572365321,2023-09-16,10,2.406667,1.604125,
adb411b0f418ce33,c945adc22c2bfe8f,2023-09-23,1,1.263007,3.88,1.0
49ede01b061cfae3,c945adc22c2bfe8f,2023-09-23,2,1.821054,1.998031,1.0
1496969c1497dc85,c945adc22c2bfe8f,2023-09-23,3,1.165834,5.141429,0.0
b3c7a5a97978d156,c945adc22c2bfe8f,2023-09-23,4,2.41,1.591403,1.0
b78545b32a97ac44,c945adc22c2bfe8f,2023-09-23,5,1.57495,2.441429,
6e1bf1b163b3aeab,c945adc22c2bfe8f,2023-09-23,6,2.154286,1.696855,0.0
bf647be41de365e4,c945adc22c2bfe8f,2023-09-23,7,1.489309,2.682857,1.0
d8335b728604b222,c945adc22c2bfe8f,2023-09-23,8,1.250581,3.901429,1.0
da1b37edb8ccd3e6,c945adc22c2bfe8f,2023-09-23,9,1.476814,2.69,1.0
23a604f460289271,c945adc22c2bfe8f,2023-09-23,10,1.734434,2.110014,0.0
cc4fcfede19bc196,c8a49ff2acb6f3c5,2023-10-07,0,1.613591,2.35,0.0
df146b0592259e5d,c8a49ff2acb6f3c5,2023-10-07,1,1.984875,1.827671,1.0
5ee83e03aaff5fa1,c8a49ff2acb6f3c5,2023-10-07,2,4.005714,1.248306,1.0
eb7b0a6f06dbdb4f,c8a49ff2acb6f3c5,2023-10-07,3,3.268571,1.350216,1.0
b6a6ba08898f3b6a,c8a49ff2acb6f3c5,2023-10-07,4,1.710631,2.157143,1.0
b638646fb297228d,c8a49ff2acb6f3c5,2023-10-07,5,1.848878,1.958844,0.0
68095e551ff6bbfd,c8a49ff2acb6f3c5,2023-10-07,6,1.234769,4.157143,1.0
eb76a5b76a68e4c4,c8a49ff2acb6f3c5,2023-10-07,7,2.575714,1.524964,0.0
e966de63c8e6b1d5,c8a49ff2acb6f3c5,2023-10-07,8,1.2572,3.918571,1.0
1aa4c2fa5ffaff00,c8a49ff2acb6f3c5,2023-10-07,9,1.168376,5.238571,0.0
85a130a4b655c8f5,f3a078277b3b8ff4,2023-10-14,0,4.018571,1.244754,0.0
a74a8c1e0a49070d,f3a078277b3b8ff4,2023-10-14,1,1.382365,3.115714,1.0
3a8af8ee23444b72,f3a078277b3b8ff4,2023-10-14,5,2.667143,1.492123,1.0
0197a61472fc351d,f3a078277b3b8ff4,2023-10-14,6,1.751637,2.08,1.0
6acd1c591170f597,f3a078277b3b8ff4,2023-10-14,7,2.611429,1.530309,0.0
0d6d212fcdf47f2e,f3a078277b3b8ff4,2023-10-14,8,1.843452,1.957687,1.0
751cf3d52fce1d1f,f3a078277b3b8ff4,2023-10-14,9,1.655019,2.288571,0.0
824859c7580eb35b,f3a078277b3b8ff4,2023-10-14,10,1.558324,2.502857,0.0
18e5af00a8478a0e,13a0fb8fbdafb54f,2023-10-21,1,1.173616,5.061429,1.0
b84c447bb74febe2,13a0fb8fbdafb54f,2023-10-21,2,1.308588,3.501429,0.0
75c5f923f966b53b,13a0fb8fbdafb54f,2023-10-21,3,3.092857,1.380299,1.0
43de9ff6064361e1,13a0fb8fbdafb54f,2023-10-21,4,2.887143,1.42907,0.0
0d1af8c6a5793185,13a0fb8fbdafb54f,2023-10-21,5,1.173751,5.048571,
e9256316716499b8,13a0fb8fbdafb54f,2023-10-21,7,4.405714,1.225851,0.0
ed3334d108b257a6,13a0fb8fbdafb54f,2023-10-21,8,1.308717,3.5,1.0
7024385b5107bd4b,13a0fb8fbdafb54f,2023-10-21,9,1.139921,5.972857,1.0
821960adf5bfa15c,13a0fb8fbdafb54f,2023-10-21,10,1.254185,4.031429,
f23e9729b2b73c27,13a0fb8fbdafb54f,2023-10-21,11,3.78,1.28603,0.0
0ea435ddf02deb60,13a0fb8fbdafb54f,2023-10-21,12,1.40156,3.04,1.0
7df5998eca143c04,7c4ec656d8fcb867,2023-11-04,2,2.145714,1.719495,1.0
6532b71560ae39e0,7c4ec656d8fcb867,2023-11-04,3,1.372646,3.122857,1.0
b5ea6535748edbce,7c4ec656d8fcb867,2023-11-04,4,1.292119,3.627143,
7d474fbf31894108,7c4ec656d8fcb867,2023-11-04,6,1.336335,3.364286,1.0
119bc264e2bb9877,7c4ec656d8fcb867,2023-11-04,7,1.460817,2.757143,1.0
3a81276a9641c6a1,7c4ec656d8fcb867,2023-11-04,8,1.184158,4.888333,0.0
ac37849f627a79c4,7c4ec656d8fcb867,2023-11-04,9,1.208402,4.645714,1.0
1cf69de0eea46877,5a558ba1ff5e9121,2023-11-11,0,3.0,1.398971,0.0
57333b7bff20ece0,5a558ba1ff5e9121,2023-11-11,2,1.885602,1.917283,1.0
4c025d1fff9e9fce,5a558ba1ff5e9121,2023-11-11,3,1.469231,2.728571,1.0
83a0fff04494bfc4,5a558ba1ff5e9121,2023-11-11,4,1.625516,2.312857,
480c4dbd2e792d86,5a558ba1ff5e9121,2023-11-11,5,1.126908,6.16,1.0
a0362d60d2e1db0d,5a558ba1ff5e9121,2023-11-11,6,2.688571,1.480108,0.0
5704e73f91b9e7f7,5a558ba1ff5e9121,2023-11-11,7,1.473359,2.718571,1.0
128ab9aa4802c73f,5a558ba1ff5e9121,2023-11-11,8,1.972356,1.83362,1.0
9fe98de1eac21f2e,5a558ba1ff5e9121,2023-11-11,9,2.778571,1.460544,0.0
6fd67582d8adb1c7,5a558ba1ff5e9121,2023-11-11,10,2.93,1.427682,1.0
db49619221b282af,5a558ba1ff5e9121,2023-11-11,11,1.932184,1.909436,0.0
b1f2ec122beda7a5,5a558ba1ff5e9121,2023-11-11,12,1.956713,1.863037,0.0
6e5a3d6b6ed84ac3,3feed7d02711d8b7,2023-11-18,1,2.071429,1.764538,
6997693d552600dd,3feed7d02711d8b7,2023-11-18,2,2.557143,1.529625,0.0
f0fe73e650b746f2,3feed7d02711d8b7,2023-11-18,3,4.64,1.196765,1.0
16109688429c09de,3feed7d02711d8b7,2023-11-18,5,1.14917,5.561429,1.0
c1aef0f60a5b62e3,3feed7d02711d8b7,2023-11-18,6,2.674286,1.492211,0.0
62b64802ea49e2fd,3feed7d02711d8b7,2023-11-18,7,1.69054,2.198571,0.0
bd4d2522cb0d1a23,3feed7d02711d8b7,2023-11-18,9,2.857143,1.432231,0.0
5be63144ac46f97e,3feed7d02711d8b7,2023-11-18,11,1.503929,2.64,1.0
73ebbfb998edc1f1,3feed7d02711d8b7,2023-11-18,12,1.302281,3.55,1.0
7990b6716a53b2cd,3feed7d02711d8b7,2023-11-18,13,1.211738,4.465714,1.0
d0ac2cc5c57c4e66,53e4e21f4c688801,2023-12-02,0,2.635714,1.502636,1.0
32813f5f46f045e8,53e4e21f4c688801,2023-12-02,1,1.470553,2.717143,0.0
d0602cdc04d2c159,53e4e21f4c688801,2023-12-02,3,1.789848,2.050278,1.0
626c82ed45fdcf59,53e4e21f4c688801,2023-12-02,5,2.155714,1.712666,1.0
02713b2d25f74d43,53e4e21f4c688801,2023-12-02,6,1.281646,3.694286,0.0
20bfa549cb2cabe7,53e4e21f4c688801,2023-12-02,7,3.512857,1.308913,0.0
39c4ae4624052f9f,53e4e21f4c688801,2023-12-02,8,1.864346,1.944145,1.0
246d06693b5ca1e8,53e4e21f4c688801,2023-12-02,9,1.791967,2.034286,0.0
03eecf1926d9c77c,53e4e21f4c688801,2023-12-02,10,1.578576,2.441429,1.0
9feb9500b0fedfcd,53e4e21f4c688801,2023-12-02,11,3.184286,1.369483,0.0
84f6de7c99779e5f,5ef0088c1b19beeb,2023-12-09,1,1.168333,5.118571,1.0
5a6e894e4b6cc703,5ef0088c1b19beeb,2023-12-09,2,1.639549,2.305714,1.0
5ac1725f775c6f00,5ef0088c1b19beeb,2023-12-09,3,2.932857,1.417129,1.0
35addc4646509286,5ef0088c1b19beeb,2023-12-09,4,1.155818,5.391429,1.0
3adab28c5c6a9254,5ef0088c1b19beeb,2023-12-09,5,2.26,1.661699,0.0
1afc4f372a125c74,5ef0088c1b19beeb,2023-12-09,6,1.525629,2.584286,0.0
fbedeb4e4b019b94,5ef0088c1b19beeb,2023-12-09,7,1.644151,2.312857,1.0
acc57a9c114b694a,5ef0088c1b19beeb,2023-12-09,8,1.505456,2.642857,1.0
91093a019d32af2e,5ef0088c1b19beeb,2023-12-09,9,2.672857,1.500384,0.0
f9ec8bedc15ece93,5ef0088c1b19beeb,2023-12-09,10,1.288878,3.785714,1.0
abb6e2169ba580d2,a8e8587a06e73c87,2023-12-16,1,1.62153,2.338333,1.0
4ec249e549309b16,a8e8587a06e73c87,2023-12-16,2,1.564016,2.474286,1.0
c442899c21d58779,a8e8587a06e73c87,2023-12-16,3,1.554156,2.49,0.0
f8a8871d167fc929,a8e8587a06e73c87,2023-12-16,4,1.516223,2.611429,1.0
609d994bfe440ec3,a8e8587a06e73c87,2023-12-16,5,1.555029,2.492857,1.0
521a0e016878d174,a8e8587a06e73c87,2023-12-16,6,3.047143,1.390147,1.0
3b21a9f48bac4a44,a8e8587a06e73c87,2023-12-16,7,3.102857,1.38086,1.0
ac8628d945a78b03,a8e8587a06e73c87,2023-12-16,8,3.598571,1.300487,0.0
1efc813ccd7a5aba,a8e8587a06e73c87,2023-12-16,9,1.156138,5.615714,1.0
4896b36f1333d25c,a8e8587a06e73c87,2023-12-16,10,1.465604,2.742857,1.0
3fa8ee3fdc04fe36,a8e8587a06e73c87,2023-12-16,11,1.702703,2.182857,1.0
477c3b9de012e4b3,010986ee359fb863,2024-01-13,3,1.317092,3.435714,1.0
03de7404decde12f,010986ee359fb863,2024-01-13,4,1.401158,3.021429,1.0
5f622d812b8f407f,010986ee359fb863,2024-01-13,5,1.926437,1.873279,0.0
6f13fe34cb3ca906,010986ee359fb863,2024-01-13,6,6.115714,1.12876,0.0
d0d99889c6abd8e1,010986ee359fb863,2024-01-13,7,2.184286,1.706068,0.0
a8239866e1222eae,010986ee359fb863,2024-01-13,8,1.561299,2.482857,0.0
640f2ae3995b3b4f,010986ee359fb863,2024-01-13,9,1.64029,2.3,1.0
f2b407019b2a5c15,010986ee359fb863,2024-01-13,10,1.191896,4.757143,1.0
ab105e5a56b5ee90,bd85ca0bb4f26cfc,2024-01-20,0,1.503221,2.642857,0.0
7736eb6bd5c1ff4a,bd85ca0bb4f26cfc,2024-01-20,1,1.236039,4.15,1.0
a10e2d5416972b9c,bd85ca0bb4f26cfc,2024-01-20,2,1.687217,2.202857,0.0
dff2685afd98ed9e,bd85ca0bb4f26cfc,2024-01-20,3,1.322739,3.412857,1.0
331ddc1141e934d1,bd85ca0bb4f26cfc,2024-01-20,5,1.465927,2.744286,0.0
670e4754d8d3d172,bd85ca0bb4f26cfc,2024-01-20,6,1.497798,2.662857,0.0
1a7cd191f0cf160c,bd85ca0bb4f26cfc,2024-01-20,7,2.62,1.51092,0.0
ba5005d1116fa45f,bd85ca0bb4f26cfc,2024-01-20,8,1.56867,2.452857,1.0
97817609ed46baa0,bd85ca0bb4f26cfc,2024-01-20,9,3.935714,1.255278,1.0
faf15b752fb8924c,bd85ca0bb4f26cfc,2024-01-20,10,2.412857,1.592406,1.0
14e53999507c76a7,bd85ca0bb4f26cfc,2024-01-20,11,1.926859,1.892439,0.0
c28d40498150de90,cce79e827569f26e,2024-02-03,2,2.337143,1.632257,1.0
e1930496b33fa636,cce79e827569f26e,2024-02-03,3,1.490302,2.67,1.0
4cff9aeef3ac75c1,cce79e827569f26e,2024-02-03,4,1.492989,2.664286,1.0
ca7d61e167d7789c,cce79e827569f26e,2024-02-03,5,1.314439,3.458571,0.0
d4ace70b3661ee6c,cce79e827569f26e,2024-02-03,6,1.3918,3.084286,1.0
330d86bfaa4155fe,cce79e827569f26e,2024-02-03,7,1.481482,2.702857,0.0
415ea2520b7ba720,cce79e827569f26e,2024-02-03,8,1.634252,2.348571,
7b1882dc76786d77,cce79e827569f26e,2024-02-03,9,3.594286,1.2951,0.0
af6d56860ba4d259,cce79e827569f26e,2024-02-03,10,1.383145,3.117143,1.0
733e675fd7c0052a,cce79e827569f26e,2024-02-03,11,1.487331,2.678571,1.0
767ceb4a0cb43ade,cce79e827569f26e,2024-02-03,12,2.402857,1.595886,0.0
6cd542650d886c22,eaea0fc7b76525a8,2024-02-10,0,1.347722,3.275714,
ad26bf55ff201f4f,eaea0fc7b76525a8,2024-02-10,2,1.700314,2.185714,0.0
08f7a60bd84a6b3c,eaea0fc7b76525a8,2024-02-10,3,2.321429,1.62937,1.0
dbfd7616dec2b6d5,eaea0fc7b76525a8,2024-02-10,4,1.464855,2.732857,0.0
c3986c1a56a6e94d,eaea0fc7b76525a8,2024-02-10,5,1.349885,3.318571,1.0
9d8473ae274ed625,eaea0fc7b76525a8,2024-02-10,8,2.005297,1.815549,1.0
5304956aada097e8,eaea0fc7b76525a8,2024-02-10,9,1.662705,2.272857,1.0
e7938bac3ec8b442,eaea0fc7b76525a8,2024-02-10,10,2.884286,1.432434,0.0
25259e230be9cdc9,eaea0fc7b76525a8,2024-02-10,12,1.523605,2.6,1.0
406f2aacd1d1faf9,eaea0fc7b76525a8,2024-02-10,13,2.998571,1.412601,1.0
b7d238437d6644ce,dab0e6cb8c932162,2024-02-17,0,2.682857,1.481296,0.0
1456a3f96ac7e35b,dab0e6cb8c932162,2024-02-17,5,1.440799,2.854286,1.0
2aeb3ec2d8c05dc8,dab0e6cb8c932162,2024-02-17,6,1.630162,2.313333,1.0
f87a3fa07f0009c9,dab0e6cb8c932162,2024-02-17,7,1.485926,2.677143,1.0
9785420602b452f7,dab0e6cb8c932162,2024-02-17,8,1.332368,3.338571,1.0
8fb0092430448368,dab0e6cb8c932162,2024-02-17,9,3.051429,1.392053,0.0
01432891260084a4,dab0e6cb8c932162,2024-02-17,10,1.479023,2.708571,1.0
bec3154a11df3299,dab0e6cb8c932162,2024-02-17,11,1.747486,2.112857,0.0
50dae6b76c9c6490,902ab9197b83d0db,2024-02-24,0,4.94,1.183401,0.0
93ddc6b233d1956a,902ab9197b83d0db,2024-02-24,1,3.332857,1.336047,0.0
a376f6d5806d0c90,902ab9197b83d0db,2024-02-24,3,2.702857,1.474084,0.0
1c03c1bb62f3aed6,902ab9197b83d0db,2024-02-24,4,1.212715,4.466667,1.0
d1d3b6ab8a56e973,902ab9197b83d0db,2024-02-24,5,2.055584,1.774025,1.0
063e7ce759c52f81,902ab9197b83d0db,2024-02-24,6,2.3,1.634974,0.0
673a156925dfb31d,902ab9197b83d0db,2024-02-24,7,1.551015,2.505714,1.0
6e4acb2aaa2cee56,902ab9197b83d0db,2024-02-24,8,1.137067,5.927143,1.0
ecbece0cbd60029e,902ab9197b83d0db,2024-02-24,9,1.307897,3.592857,1.0
3b05a4ced6dd74f5,902ab9197b83d0db,2024-02-24,10,1.596676,2.387143,0.0
74f5cbecac011abb,902ab9197b83d0db,2024-02-24,11,1.300672,3.607143,0.0
3ea7d69a1238f26a,e4a9dbade7c7e1a7,2024-03-02,2,1.243045,4.034286,1.0
a7d397cd0f2ac93a,e4a9dbade7c7e1a7,2024-03-02,3,6.312857,1.121255,1.0
32bd7ed48f5aea7e,e4a9dbade7c7e1a7,2024-03-02,5,1.178604,4.878571,1.0
024beecfd3f0ed7a,e4a9dbade7c7e1a7,2024-03-02,6,4.461429,1.208991,0.0
5a82757b553c40fc,e4a9dbade7c7e1a7,2024-03-02,8,4.072857,1.249001,0.0
df3cc5ec78d05a71,e4a9dbade7c7e1a7,2024-03-02,9,1.227482,4.204286,1.0
838fd9d2b14e0790,e4a9dbade7c7e1a7,2024-03-02,10,2.665714,1.493689,1.0
3677ce6c1ee06a83,a9df5ae20a97b090,2024-03-09,0,2.795714,1.451491,1.0
3d3dde60e3d59c1c,a9df5ae20a97b090,2024-03-09,1,4.951429,1.185653,0.0
f0a9dfbb6f6ac852,a9df5ae20a97b090,2024-03-09,3,1.664476,2.246667,1.0
7bc7af11050e861b,a9df5ae20a97b090,2024-03-09,4,1.704619,2.172857,0.0
ebb758b49e82d0ed,a9df5ae20a97b090,2024-03-09,5,2.745714,1.463457,0.0
8baff440b82afd2b,a9df5ae20a97b090,2024-03-09,6,1.203319,4.554286,1.0
33658a3ca932d15d,a9df5ae20a97b090,2024-03-09,7,2.62,1.509101,0.0
0133019a4f1055ee,a9df5ae20a97b090,2024-03-09,8,2.15,1.712628,1.0
9861b6d04e6ed43c,a9df5ae20a97b090,2024-03-09,9,1.581097,2.435714,1.0
68f7f992603192c6,a9df5ae20a97b090,2024-03-09,10,2.285714,1.651232,0.0
6e73ebbd089aff5e,a9df5ae20a97b090,2024-03-09,12,2.825714,1.43903,1.0
894c44c3d04aaf6f,a9df5ae20a97b090,2024-03-09,13,1.355182,3.268571,1.0
66873dde4077bd5d,c398235fcaf8d71d,2024-03-16,2,2.265714,1.648177,1.0
451df53c13185584,c398235fcaf8d71d,2024-03-16,4,1.559014,2.472857,1.0
711ec0545552455b,c398235fcaf8d71d,2024-03-16,5,1.631153,2.304286,0.0
4f20f3ada1489823,c398235fcaf8d71d,2024-03-16,6,4.527143,1.205955,0.0
569e0ba18701c305,c398235fcaf8d71d,2024-03-16,7,1.393879,3.021429,1.0
2f414494f2b6f426,c398235fcaf8d71d,2024-03-16,8,2.92,1.414494,0.0
acc7392d48cc09a0,c398235fcaf8d71d,2024-03-16,9,2.671429,1.480447,1.0
35f9beb94b4ef9e2,c398235fcaf8d71d,2024-03-16,10,5.448571,1.153292,1.0
a7fd9da657bbce8e,c398235fcaf8d71d,2024-03-16,11,1.466121,2.741429,
8bc0c220f7dcefa7,c398235fcaf8d71d,2024-03-16,12,1.846968,1.968851,0.0
